-- phpMyAdmin SQL Dump
-- version 4.6.5.2
-- https://www.phpmyadmin.net/
--
-- Servidor: 127.0.0.1
-- Tiempo de generación: 16-10-2024 a las 21:10:16
-- Versión del servidor: 10.1.21-MariaDB
-- Versión de PHP: 7.1.1

SET SQL_MODE = "NO_AUTO_VALUE_ON_ZERO";
SET time_zone = "+00:00";


/*!40101 SET @OLD_CHARACTER_SET_CLIENT=@@CHARACTER_SET_CLIENT */;
/*!40101 SET @OLD_CHARACTER_SET_RESULTS=@@CHARACTER_SET_RESULTS */;
/*!40101 SET @OLD_COLLATION_CONNECTION=@@COLLATION_CONNECTION */;
/*!40101 SET NAMES utf8mb4 */;

--
-- Base de datos: `eestn1gb`
--

-- --------------------------------------------------------

--
-- Estructura de tabla para la tabla `alumnos`
--

CREATE TABLE `alumnos` (
  `id` int(11) NOT NULL,
  `nombre` varchar(50) DEFAULT NULL,
  `apellido` varchar(50) DEFAULT NULL,
  `DNI` varchar(15) DEFAULT NULL,
  `Fecha` timestamp NOT NULL DEFAULT CURRENT_TIMESTAMP ON UPDATE CURRENT_TIMESTAMP
) ENGINE=InnoDB DEFAULT CHARSET=utf8mb4;

--
-- Volcado de datos para la tabla `alumnos`
--

INSERT INTO `alumnos` (`id`, `nombre`, `apellido`, `DNI`, `Fecha`) VALUES
(1, 'Agustina', 'Bazan', '47236012', '2024-10-10 04:14:36');

-- --------------------------------------------------------

--
-- Estructura de tabla para la tabla `alumno_curso_materia`
--

CREATE TABLE `alumno_curso_materia` (
  `id` int(11) NOT NULL,
  `idAlumnos` int(11) DEFAULT NULL,
  `idCurso_materia` int(11) DEFAULT NULL,
  `idEstado` int(11) DEFAULT NULL
) ENGINE=InnoDB DEFAULT CHARSET=latin1;

-- --------------------------------------------------------

--
-- Estructura de tabla para la tabla `campo_formacion`
--

CREATE TABLE `campo_formacion` (
  `ID_CAMP` int(2) NOT NULL,
  `NOMBRE_CAMP` varchar(50) NOT NULL
) ENGINE=InnoDB DEFAULT CHARSET=utf8mb4;

--
-- Volcado de datos para la tabla `campo_formacion`
--

INSERT INTO `campo_formacion` (`ID_CAMP`, `NOMBRE_CAMP`) VALUES
(1, 'FORMACIÓN GENERAL'),
(2, 'FORMACIÓN CIENTIFICO TECNOLÓGICA'),
(3, 'FORMACIÓN TÉCNICO ESPECÍFICA'),
(4, 'PRÁCTICAS PROFESIONALIZANTES');

-- --------------------------------------------------------

--
-- Estructura de tabla para la tabla `cargos`
--

CREATE TABLE `cargos` (
  `ID_CAR` int(11) NOT NULL,
  `FK_DOC` int(11) DEFAULT NULL,
  `FK_TC` int(11) DEFAULT NULL
) ENGINE=InnoDB DEFAULT CHARSET=utf8mb4;

-- --------------------------------------------------------

--
-- Estructura de tabla para la tabla `ciclo`
--

CREATE TABLE `ciclo` (
  `ID_CICLO` int(2) NOT NULL,
  `NOMBRE_CICLO` varchar(50) NOT NULL
) ENGINE=InnoDB DEFAULT CHARSET=utf8mb4;

--
-- Volcado de datos para la tabla `ciclo`
--

INSERT INTO `ciclo` (`ID_CICLO`, `NOMBRE_CICLO`) VALUES
(1, 'CICLO BASICO'),
(2, 'CICLO SUPERIOR');

-- --------------------------------------------------------

--
-- Estructura de tabla para la tabla `ciclo_lectivo`
--

CREATE TABLE `ciclo_lectivo` (
  `id` int(2) NOT NULL,
  `ciclo` varchar(50) NOT NULL
) ENGINE=InnoDB DEFAULT CHARSET=utf8mb4;

-- --------------------------------------------------------

--
-- Estructura de tabla para la tabla `curso`
--

CREATE TABLE `curso` (
  `id` int(11) NOT NULL,
  `anio` int(11) NOT NULL,
  `seccion` int(11) NOT NULL,
  `idCiclo` int(11) NOT NULL,
  `idEspecialidad` int(11) DEFAULT NULL
) ENGINE=InnoDB DEFAULT CHARSET=utf8mb4;

--
-- Volcado de datos para la tabla `curso`
--

INSERT INTO `curso` (`id`, `anio`, `seccion`, `idCiclo`, `idEspecialidad`) VALUES
(1, 1, 1, 1, NULL),
(2, 1, 2, 1, NULL),
(3, 1, 3, 1, NULL),
(4, 1, 4, 1, NULL),
(5, 1, 5, 1, NULL),
(6, 1, 6, 1, NULL),
(7, 2, 1, 1, NULL),
(8, 2, 2, 1, NULL),
(9, 2, 3, 1, NULL),
(10, 2, 4, 1, NULL),
(11, 2, 5, 1, NULL),
(12, 3, 1, 1, NULL),
(13, 3, 2, 1, NULL),
(14, 3, 3, 1, NULL),
(15, 3, 4, 1, NULL),
(16, 3, 5, 1, NULL),
(17, 4, 1, 2, 2),
(18, 4, 2, 2, 2),
(19, 4, 3, 2, 1),
(20, 4, 4, 2, 1),
(21, 5, 1, 2, 2),
(22, 5, 2, 2, 2),
(23, 5, 3, 2, 1),
(24, 5, 4, 2, 1),
(25, 5, 5, 2, 2),
(26, 6, 1, 2, 2),
(27, 6, 2, 2, 2),
(28, 6, 3, 2, 1),
(29, 6, 4, 2, 1),
(30, 7, 1, 2, 2),
(31, 7, 2, 2, 1);

-- --------------------------------------------------------

--
-- Estructura de tabla para la tabla `curso_materia`
--

CREATE TABLE `curso_materia` (
  `id` int(11) NOT NULL,
  `grupo` int(11) DEFAULT NULL,
  `CUPOF` varchar(15) DEFAULT NULL,
  `idCurso` int(11) DEFAULT NULL,
  `idMaterias` int(11) DEFAULT NULL
) ENGINE=InnoDB DEFAULT CHARSET=utf8mb4;

--
-- Volcado de datos para la tabla `curso_materia`
--

INSERT INTO `curso_materia` (`id`, `grupo`, `CUPOF`, `idCurso`, `idMaterias`) VALUES
(1, 0, '733442', 1, 1),
(2, 0, '733445', 1, 2),
(3, 0, '733478', 1, 3),
(4, 0, '891873', 1, 4),
(5, 0, '733462', 1, 5),
(6, 0, '733472', 1, 6),
(7, 0, '733465', 1, 7),
(8, 0, '992715', 1, 8),
(9, 1, '2673007', 1, 10),
(10, 1, '2673010', 1, 11),
(11, 1, '2673013', 1, 9),
(12, 2, '2673015', 1, 10),
(13, 2, '2673016', 1, 11),
(14, 2, '2673017', 1, 9),
(15, 0, '733711', 2, 1),
(16, 0, '2683145', 2, 2),
(17, 0, '733441', 2, 3),
(18, 0, '839180', 2, 4),
(19, 0, '891876', 2, 5),
(20, 0, '789732', 2, 6),
(21, 0, '733448', 2, 7),
(22, 0, '839178', 2, 8),
(23, 1, '2673023', 2, 10),
(24, 1, '2673025', 2, 11),
(25, 1, '2673026', 2, 9),
(26, 2, '2673027', 2, 10),
(27, 2, '2673028', 2, 11),
(28, 2, '2673029', 2, 9),
(29, 0, '2683140', 3, 1),
(30, 0, '733446', 3, 2),
(31, 0, '733699', 3, 3),
(32, 0, '816361', 3, 4),
(33, 0, '733464', 3, 5),
(34, 0, '733452', 3, 6),
(35, 0, '733507', 3, 7),
(36, 0, '2683142', 3, 8),
(37, 1, '2673072', 3, 10),
(38, 1, '2673076', 3, 11),
(39, 1, '2673079', 3, 9),
(40, 2, '2673082', 3, 10),
(41, 2, '2673083', 3, 11),
(42, 2, '2673084', 3, 9),
(43, 0, '1493342', 4, 1),
(44, 0, '1493343', 4, 2),
(45, 0, '1493339', 4, 3),
(46, 0, '1493340', 4, 4),
(47, 0, '149335', 4, 5),
(48, 0, '1493338', 4, 6),
(49, 0, '1492411', 4, 7),
(50, 0, '839179', 4, 8),
(51, 1, '1493350', 4, 10),
(52, 1, '1493353', 4, 11),
(53, 1, '1493345', 4, 9),
(54, 2, '2683136', 4, 10),
(55, 2, '2683137', 4, 11),
(56, 2, '2683138', 4, 9),
(57, 0, '2232479', 6, 1),
(58, 0, '2232480', 6, 2),
(59, 0, '2232482', 6, 3),
(60, 0, '2232483', 6, 4),
(61, 0, '2232484', 6, 5),
(62, 0, '2232485', 6, 6),
(63, 0, '2232486', 6, 7),
(64, 0, '2232487', 6, 8),
(65, 1, '2232490', 6, 10),
(66, 1, '2232494', 6, 11),
(67, 1, '2232499', 6, 9),
(68, 2, '2232491', 6, 10),
(69, 2, '2232497', 6, 11),
(70, 2, '2232501', 6, 9),
(71, 0, '1642764', 7, 13),
(72, 0, '2683134', 7, 14),
(73, 0, '733585', 7, 15),
(74, 0, '733460', 7, 16),
(75, 0, '1642762', 7, 17),
(76, 0, '31174482', 7, 18),
(77, 0, '1642703', 7, 19),
(78, 0, '733561', 7, 20),
(79, 0, '733468', 7, 21),
(80, 0, '733470', 7, 22),
(81, 1, '2683126', 7, 24),
(82, 1, '2683127', 7, 25),
(83, 1, '2683128', 7, 23),
(84, 2, '2683129', 7, 24),
(85, 2, '2683131', 7, 25),
(86, 2, '2683132', 7, 23),
(87, 0, '1644155', 8, 13),
(88, 0, '2174482', 8, 14),
(89, 0, '733691', 8, 15),
(90, 0, '733701', 8, 16),
(91, 0, '1644154', 8, 17),
(92, 0, '1644151', 8, 18),
(93, 0, '1644152', 8, 19),
(94, 0, '968803', 8, 20),
(95, 0, '789737', 8, 21),
(96, 0, '733450', 8, 22),
(97, 1, '2673400', 8, 24),
(98, 1, '2673402', 8, 25),
(99, 1, '2673403', 8, 23),
(100, 2, '2673404', 8, 24),
(101, 2, '2673405', 8, 25),
(102, 2, '2673406', 8, 23),
(103, 0, '1644159', 9, 13),
(104, 0, '2683123', 9, 14),
(105, 0, '807722', 9, 15),
(106, 0, '807724', 9, 16),
(107, 0, '1644158', 9, 17),
(108, 0, '1228009', 9, 18),
(109, 0, '1644157', 9, 19),
(110, 0, '807720', 9, 20),
(111, 0, '807717', 9, 21),
(112, 0, '807715', 9, 22),
(113, 1, '2673117', 9, 24),
(114, 1, '2673119', 9, 25),
(115, 1, '2673121', 9, 23),
(116, 2, '2673123', 9, 24),
(117, 2, '2673124', 9, 25),
(118, 2, '2672126', 9, 23),
(119, 0, '1642680', 10, 13),
(120, 0, '1642681', 10, 14),
(121, 0, '1642684', 10, 15),
(122, 0, '1642683', 10, 16),
(123, 0, '1642679', 10, 17),
(124, 0, '1642675', 10, 18),
(125, 0, '1642678', 10, 19),
(126, 0, '1642673', 10, 20),
(127, 0, '1642674', 10, 21),
(128, 0, '1642672', 10, 22),
(129, 1, '2673421', 10, 24),
(130, 1, '2673423', 10, 25),
(131, 1, '2673425', 10, 23),
(132, 2, '2673427', 10, 24),
(133, 2, '2673428', 10, 25),
(134, 2, '2673429', 10, 23),
(135, 0, '1920674', 11, 13),
(136, 0, '1174482', 11, 14),
(137, 0, '1920681', 11, 15),
(138, 0, '1920683', 11, 16),
(139, 0, '1920684', 11, 17),
(140, 0, '1920686', 11, 18),
(141, 0, '1920688', 11, 19),
(142, 0, '1920689', 11, 20),
(143, 0, '1920690', 11, 21),
(144, 0, '1920692', 11, 22),
(145, 1, '1920693', 11, 24),
(146, 1, '1920702', 11, 25),
(147, 1, '1920696', 11, 23),
(148, 2, '1920695', 11, 24),
(149, 2, '1920704', 11, 25),
(150, 2, '1920700', 11, 23),
(151, 0, '1644174', 12, 27),
(152, 0, '789589', 12, 28),
(153, 0, '733584', 12, 29),
(154, 0, '733533', 12, 30),
(155, 0, '1644172', 12, 31),
(156, 0, '1644167', 12, 32),
(157, 0, '1644170', 12, 33),
(158, 0, '733560', 12, 34),
(159, 0, '1104261', 12, 35),
(160, 0, '733471', 12, 36),
(161, 1, '2682842', 12, 38),
(162, 1, '2682844', 12, 39),
(163, 1, '2682845', 12, 37),
(164, 2, '2682848', 12, 38),
(165, 2, '2682850', 12, 39),
(166, 2, '2682852', 12, 37),
(167, 0, '1644183', 13, 27),
(168, 0, '733451', 13, 28),
(169, 0, '733531', 13, 29),
(170, 0, '733459', 13, 30),
(171, 0, '1644182', 13, 31),
(172, 0, '1644177', 13, 32),
(173, 0, '1644179', 13, 33),
(174, 0, '733558', 13, 34),
(175, 0, '789744', 13, 35),
(176, 0, '733447', 13, 36),
(177, 1, '2682790', 13, 38),
(178, 1, '2682791', 13, 39),
(179, 1, '2682793', 13, 37),
(180, 2, '2682794', 13, 38),
(181, 2, '2682796', 13, 39),
(182, 2, '2682798', 13, 37),
(183, 0, '1913939', 14, 27),
(184, 0, '1913965', 14, 28),
(185, 0, '1913969', 14, 29),
(186, 0, '1913973', 14, 30),
(187, 0, '1913974', 14, 31),
(188, 0, '1913979', 14, 32),
(189, 0, '1913981', 14, 33),
(190, 0, '1913982', 14, 34),
(191, 0, '1913983', 14, 35),
(192, 0, '1913986', 14, 36),
(193, 1, '1913987', 14, 38),
(194, 1, '1914000', 14, 39),
(195, 1, '1913994', 14, 37),
(196, 2, '1913991', 14, 38),
(197, 2, '1914002', 14, 39),
(198, 2, '1913997', 14, 37),
(199, 0, '1492277', 15, 27),
(200, 0, '1492270', 15, 28),
(201, 0, '1492045', 15, 29),
(202, 0, '1492060', 15, 30),
(203, 0, '1492069', 15, 31),
(204, 0, '1492267', 15, 32),
(205, 0, '1492087', 15, 33),
(206, 0, '1492005', 15, 34),
(207, 0, '1492042', 15, 35),
(208, 0, '1492035', 15, 36),
(209, 1, '2683083', 15, 38),
(210, 1, '2683084', 15, 39),
(211, 1, '2683085', 15, 37),
(212, 2, '2683086', 15, 38),
(213, 2, '2683087', 15, 39),
(214, 2, '2683088', 15, 37),
(215, 0, '2232461', 16, 27),
(216, 0, '2232462', 16, 28),
(217, 0, '2232463', 16, 29),
(218, 0, '2232464', 16, 30),
(219, 0, '2232465', 16, 31),
(220, 0, '2232466', 16, 32),
(221, 0, '2232467', 16, 33),
(222, 0, '2232468', 16, 34),
(223, 0, '2232469', 16, 35),
(224, 0, '2232470', 16, 36),
(225, 1, '2232471', 16, 38),
(226, 1, '2232473', 16, 39),
(227, 1, '2232475', 16, 37),
(228, 2, '2232472', 16, 38),
(229, 2, '2232477', 16, 39),
(230, 2, '2232478', 16, 37),
(231, 0, '733716', 17, 98),
(232, 0, '733575', 17, 96),
(233, 0, '733437', 17, 90),
(234, 0, '733705', 17, 91),
(235, 0, '733409', 17, 92),
(236, 0, '733421', 17, 94),
(237, 0, '1517072', 17, 95),
(238, 0, '733330', 17, 97),
(239, 0, '1517051', 17, 93),
(240, 0, '1643783', 17, 99),
(241, 1, '2680042', 17, 100),
(242, 1, '2680043', 17, 101),
(243, 1, '2680045', 17, 102),
(244, 1, '2680049', 17, 103),
(245, 2, '2680052', 17, 100),
(246, 2, '2680053', 17, 101),
(247, 2, '2680054', 17, 102),
(248, 2, '2680055', 17, 103),
(249, 0, '733408', 18, 98),
(250, 0, '733458', 18, 96),
(251, 0, '733407', 18, 90),
(252, 0, '733377', 18, 91),
(253, 0, '938354', 18, 92),
(254, 0, '733419', 18, 94),
(255, 0, '1517157', 18, 95),
(256, 0, '733622', 18, 97),
(257, 0, '1517133', 18, 93),
(258, 0, '2680173', 18, 99),
(259, 1, '2680159', 18, 100),
(260, 1, '2680161', 18, 101),
(261, 1, '2680162', 18, 102),
(262, 1, '2680163', 18, 103),
(263, 2, '2680165', 18, 100),
(264, 2, '2680167', 18, 101),
(265, 2, '2680168', 18, 102),
(266, 2, '2680169', 18, 103),
(267, 0, '733563', 19, 49),
(268, 0, '733522', 19, 47),
(269, 0, '733521', 19, 41),
(270, 0, '733722', 19, 42),
(271, 0, '789629', 19, 43),
(272, 0, '733689', 19, 45),
(273, 0, '1517229', 19, 46),
(274, 0, '733670', 19, 48),
(275, 0, '1517221', 19, 44),
(276, 0, '733495', 19, 50),
(277, 0, '733519', 19, 51),
(278, 1, '2680250', 19, 52),
(279, 1, '2680251', 19, 53),
(280, 1, '2680252', 19, 54),
(281, 2, '2680253', 19, 52),
(282, 2, '2680254', 19, 53),
(283, 2, '2680256', 19, 54),
(284, 0, '733703', 20, 49),
(285, 0, '733568', 20, 47),
(286, 0, '733426', 20, 41),
(287, 0, '733417', 20, 42),
(288, 0, '733645', 20, 43),
(289, 0, '733423', 20, 45),
(290, 0, '1517208', 20, 46),
(291, 0, '733706', 20, 48),
(292, 0, '1517205', 20, 44),
(293, 0, '789654', 20, 50),
(294, 0, '790146', 20, 51),
(295, 1, '2680556', 20, 52),
(296, 1, '2680557', 20, 53),
(297, 1, '2680558', 20, 54),
(298, 2, '2680559', 20, 52),
(299, 2, '2680560', 20, 53),
(300, 2, '2680561', 20, 54),
(301, 0, '733603', 21, 104),
(302, 0, '733672', 21, 105),
(303, 0, '733402', 21, 106),
(304, 0, '1643741', 21, 107),
(305, 0, '1643750', 21, 108),
(306, 0, '733650', 21, 109),
(307, 0, '733651', 21, 110),
(308, 0, '733570', 21, 111),
(309, 0, '1643761', 21, 112),
(310, 1, '2680572', 21, 113),
(311, 1, '2680573', 21, 114),
(312, 1, '2680574', 21, 115),
(313, 1, '2680575', 21, 116),
(314, 2, '2680576', 21, 113),
(315, 2, '2680577', 21, 114),
(316, 2, '2680578', 21, 115),
(317, 2, '2680581', 21, 116),
(318, 0, '2355520', 23, 55),
(319, 0, '2355524', 23, 56),
(320, 0, '2355527', 23, 57),
(321, 0, '2355532', 23, 58),
(322, 0, '2355535', 23, 59),
(323, 0, '2355540', 23, 60),
(324, 0, '2355542', 23, 61),
(325, 0, '2355546', 23, 62),
(326, 0, '2355548', 23, 63),
(327, 1, '2355556', 23, 64),
(328, 1, '2355560', 23, 65),
(329, 1, '2355564', 23, 66),
(330, 1, '2355566', 23, 67),
(331, 2, '2355568', 23, 64),
(332, 2, '2355569', 23, 65),
(333, 2, '2355572', 23, 66),
(334, 2, '2355579', 23, 67),
(335, 0, '2680751', 24, 55),
(336, 0, '2680752', 24, 56),
(337, 0, '2680754', 24, 57),
(338, 0, '2680756', 24, 58),
(339, 0, '2680758', 24, 59),
(340, 0, '2680760', 24, 60),
(341, 0, '2680761', 24, 61),
(342, 0, '2680762', 24, 62),
(343, 0, '2680764', 24, 63),
(344, 1, '2680765', 24, 64),
(345, 1, '2680766', 24, 65),
(346, 1, '2680767', 24, 66),
(347, 1, '2680769', 24, 67),
(348, 2, '2680770', 24, 64),
(349, 2, '2680771', 24, 65),
(350, 2, '2680772', 24, 66),
(351, 2, '2680773', 24, 67),
(352, 0, '2543607', 25, 104),
(353, 0, '2543620', 25, 105),
(354, 0, '2543646', 25, 106),
(355, 0, '2543648', 25, 107),
(356, 0, '2543649', 25, 108),
(357, 0, '2543650', 25, 109),
(358, 0, '2543652', 25, 110),
(359, 0, '2571507', 25, 111),
(360, 0, '2571508', 25, 112),
(361, 1, '2543654', 25, 113),
(362, 1, '2543655', 25, 114),
(363, 1, '2543656', 25, 115),
(364, 1, '2543658', 25, 116),
(365, 2, '2543659', 25, 113),
(366, 2, '2543661', 25, 114),
(367, 2, '2543664', 25, 115),
(368, 2, '2543665', 25, 116),
(369, 0, '733438', 26, 117),
(370, 0, '733375', 26, 118),
(371, 0, '1180198', 26, 119),
(372, 0, '733732', 26, 120),
(373, 0, '733731', 26, 121),
(374, 0, '733394', 26, 122),
(375, 0, '733383', 26, 123),
(376, 0, '2680830', 26, 124),
(377, 0, '2680832', 26, 125),
(378, 0, '2680833', 26, 126),
(379, 1, '2680835', 26, 127),
(380, 1, '2680836', 26, 128),
(381, 1, '2680838', 26, 129),
(382, 1, '2680842', 26, 130),
(383, 2, '2680843', 26, 127),
(384, 2, '2680845', 26, 128),
(385, 2, '2680848', 26, 129),
(386, 2, '2680853', 26, 130),
(387, 0, '2681816', 27, 117),
(388, 0, '2681822', 27, 118),
(389, 0, '2681823', 27, 119),
(390, 0, '2681824', 27, 120),
(391, 0, '2681828', 27, 121),
(392, 0, '2681831', 27, 122),
(393, 0, '2681834', 27, 123),
(394, 0, '2681836', 27, 124),
(395, 0, '2681838', 27, 125),
(396, 0, '2681840', 27, 126),
(397, 1, '2681841', 27, 127),
(398, 1, '2681844', 27, 128),
(399, 1, '2681845', 27, 129),
(400, 1, '2681854', 27, 130),
(401, 2, '2681857', 27, 127),
(402, 2, '2681860', 27, 128),
(403, 2, '2681867', 27, 129),
(404, 2, '2681873', 27, 130),
(405, 0, '2625739', 28, 68),
(406, 0, '2625763', 28, 69),
(407, 0, '2625769', 28, 70),
(408, 0, '2625787', 28, 71),
(409, 0, '2625794', 28, 72),
(410, 0, '2625798', 28, 73),
(411, 0, '2625804', 28, 74),
(412, 0, '2625811', 28, 75),
(413, 0, '2625816', 28, 76),
(414, 0, '2625823', 28, 77),
(415, 1, '2625831', 28, 78),
(416, 1, '2625837', 28, 79),
(417, 1, '2625846', 28, 80),
(418, 1, '2625254', 28, 81),
(419, 2, '2625861', 28, 78),
(420, 2, '2625867', 28, 79),
(421, 2, '2625874', 28, 80),
(422, 2, '2625876', 28, 81),
(423, 0, '2683102', 29, 68),
(424, 0, '2683103', 29, 69),
(425, 0, '2683104', 29, 70),
(426, 0, '2683105', 29, 71),
(427, 0, '2683106', 29, 72),
(428, 0, '2683107', 29, 73),
(429, 0, '2683108', 29, 74),
(430, 0, '2683109', 29, 75),
(431, 0, '2683110', 29, 76),
(432, 0, '2683111', 29, 77),
(433, 1, '2683112', 29, 78),
(434, 1, '2683113', 29, 79),
(435, 1, '2683114', 29, 80),
(436, 1, '2683116', 29, 81),
(437, 2, '2683118', 29, 78),
(438, 2, '2683119', 29, 79),
(439, 2, '2683120', 29, 80),
(440, 2, '2683121', 29, 81),
(441, 0, '1913687', 30, 132),
(442, 0, '1913689', 30, 133),
(443, 0, '1913692', 30, 134),
(444, 0, '1913695', 30, 135),
(445, 1, '1913682', 30, 131),
(446, 1, '1913696', 30, 136),
(447, 1, '1913702', 30, 137),
(448, 1, '1913707', 30, 138),
(449, 2, '1913712', 30, 136),
(450, 2, '1913725', 30, 137),
(451, 2, '1913731', 30, 138),
(452, 0, '1913829', 31, 83),
(453, 0, '1913831', 31, 84),
(454, 0, '1913836', 31, 85),
(455, 0, '1913839', 31, 86),
(456, 1, '1913823', 31, 82),
(457, 1, '1913842', 31, 87),
(458, 1, '1913852', 31, 88),
(459, 1, '1913862', 31, 89),
(460, 2, '1913848', 31, 87),
(461, 2, '1913857', 31, 88),
(462, 2, '1913864', 31, 89);

-- --------------------------------------------------------

--
-- Estructura de tabla para la tabla `curso_materia_docente`
--

CREATE TABLE `curso_materia_docente` (
  `ID_cur_mat_doc` int(11) NOT NULL,
  `FK_doc` int(11) DEFAULT NULL,
  `FK_CUR_mat` int(11) DEFAULT NULL,
  `Fk_usu` int(11) DEFAULT NULL,
  `Fk_Sit` int(11) DEFAULT NULL,
  `Fecha_sit` date DEFAULT NULL,
  `FK_est` int(11) DEFAULT NULL,
  `Fecha` timestamp NOT NULL DEFAULT CURRENT_TIMESTAMP ON UPDATE CURRENT_TIMESTAMP
) ENGINE=InnoDB DEFAULT CHARSET=utf8mb4;

--
-- Volcado de datos para la tabla `curso_materia_docente`
--

INSERT INTO `curso_materia_docente` (`ID_cur_mat_doc`, `FK_doc`, `FK_CUR_mat`, `Fk_usu`, `Fk_Sit`, `Fecha_sit`, `FK_est`, `Fecha`) VALUES
(1, 14, 1, NULL, 1, NULL, 1, '2024-10-03 12:35:59'),
(2, 67, 2, NULL, 2, NULL, 1, '2024-10-03 12:35:59'),
(3, 25, 3, NULL, 1, NULL, 2, '2024-10-03 12:35:59'),
(4, 164, 3, NULL, 3, NULL, 1, '2024-10-03 12:35:59'),
(5, 30, 4, NULL, 1, NULL, 1, '2024-10-03 12:35:59'),
(6, 156, 5, NULL, 1, NULL, 1, '2024-10-03 12:35:59'),
(7, 110, 6, NULL, 1, NULL, 1, '2024-10-03 12:35:59'),
(8, 41, 7, NULL, 1, NULL, 2, '2024-10-03 12:35:59'),
(9, 219, 7, NULL, 3, NULL, 1, '2024-10-03 12:35:59'),
(10, 48, 8, NULL, 1, NULL, 2, '2024-10-03 12:35:59'),
(11, 152, 8, NULL, 3, NULL, 1, '2024-10-03 12:35:59'),
(12, 38, 9, NULL, 2, NULL, 1, '2024-10-03 12:35:59'),
(13, 9, 10, NULL, 4, NULL, 1, '2024-10-03 12:35:59'),
(14, 89, 11, NULL, 1, NULL, 1, '2024-10-03 12:35:59'),
(15, 38, 12, NULL, 2, NULL, 1, '2024-10-03 12:35:59'),
(16, 42, 13, NULL, 2, NULL, 1, '2024-10-03 12:35:59'),
(17, 38, 14, NULL, 2, NULL, 1, '2024-10-03 12:35:59'),
(18, 58, 15, NULL, 1, NULL, 1, '2024-10-03 12:35:59'),
(19, 142, 16, NULL, 2, NULL, 1, '2024-10-03 12:35:59'),
(20, 136, 17, NULL, 1, NULL, 1, '2024-10-03 12:35:59'),
(21, 33, 18, NULL, 1, NULL, 1, '2024-10-03 12:35:59'),
(22, 145, 19, NULL, 1, NULL, 1, '2024-10-03 12:35:59'),
(23, 39, 20, NULL, 1, NULL, 1, '2024-10-03 12:35:59'),
(24, 43, 21, NULL, 1, NULL, 1, '2024-10-03 12:35:59'),
(25, 81, 22, NULL, 1, NULL, 1, '2024-10-03 12:35:59'),
(26, 1, 23, NULL, 2, NULL, 1, '2024-10-03 12:35:59'),
(27, 128, 24, NULL, 2, NULL, 1, '2024-10-03 12:35:59'),
(28, 128, 25, NULL, 2, NULL, 1, '2024-10-03 12:35:59'),
(29, 1, 26, NULL, 2, NULL, 1, '2024-10-03 12:35:59'),
(30, 127, 27, NULL, 2, NULL, 1, '2024-10-03 12:35:59'),
(31, 128, 28, NULL, 2, NULL, 1, '2024-10-03 12:35:59'),
(32, 52, 29, NULL, 1, NULL, 1, '2024-10-03 12:35:59'),
(33, 23, 30, NULL, 1, NULL, 1, '2024-10-03 12:35:59'),
(34, 150, 31, NULL, 1, NULL, 1, '2024-10-03 12:35:59'),
(35, 64, 32, NULL, 1, NULL, 1, '2024-10-03 12:35:59'),
(36, 228, 33, NULL, 1, NULL, 1, '2024-10-03 12:35:59'),
(37, 58, 34, NULL, 1, NULL, 1, '2024-10-03 12:35:59'),
(38, 3, 35, NULL, 1, NULL, 1, '2024-10-03 12:35:59'),
(39, 48, 36, NULL, 1, NULL, 1, '2024-10-03 12:35:59'),
(40, 1, 37, NULL, 2, NULL, 1, '2024-10-03 12:35:59'),
(41, 10, 38, NULL, 1, NULL, 1, '2024-10-03 12:35:59'),
(42, 89, 39, NULL, 1, NULL, 1, '2024-10-03 12:35:59'),
(43, 1, 40, NULL, 2, NULL, 1, '2024-10-03 12:35:59'),
(44, 47, 41, NULL, 2, NULL, 2, '2024-10-03 12:35:59'),
(45, 89, 41, NULL, 3, NULL, 1, '2024-10-03 12:35:59'),
(46, 89, 42, NULL, 1, NULL, 1, '2024-10-03 12:35:59'),
(47, 154, 43, NULL, 1, NULL, 1, '2024-10-03 12:35:59'),
(48, 36, 44, NULL, 1, NULL, 1, '2024-10-03 12:35:59'),
(49, 179, 45, NULL, 1, NULL, 1, '2024-10-03 12:35:59'),
(50, 148, 46, NULL, 1, NULL, 1, '2024-10-03 12:35:59'),
(51, 98, 47, NULL, 1, NULL, 1, '2024-10-03 12:35:59'),
(52, 82, 48, NULL, 1, NULL, 1, '2024-10-03 12:35:59'),
(53, 3, 49, NULL, 1, NULL, 1, '2024-10-03 12:35:59'),
(54, 130, 50, NULL, 1, NULL, 2, '2024-10-03 12:35:59'),
(55, 27, 50, NULL, 3, NULL, 1, '2024-10-03 12:35:59'),
(56, 54, 51, NULL, 2, NULL, 2, '2024-10-03 12:35:59'),
(57, 20, 51, NULL, 3, NULL, 1, '2024-10-03 12:35:59'),
(58, 128, 52, NULL, 2, NULL, 1, '2024-10-03 12:35:59'),
(59, 58, 53, NULL, 1, NULL, 1, '2024-10-03 12:35:59'),
(60, 54, 54, NULL, 2, NULL, 2, '2024-10-03 12:35:59'),
(61, 20, 54, NULL, 3, NULL, 1, '2024-10-03 12:35:59'),
(62, 68, 55, NULL, 2, NULL, 2, '2024-10-03 12:35:59'),
(63, 223, 55, NULL, 3, NULL, 1, '2024-10-03 12:35:59'),
(64, 58, 56, NULL, 2, NULL, 1, '2024-10-03 12:35:59'),
(65, 56, 57, NULL, 1, NULL, 1, '2024-10-03 12:35:59'),
(66, 36, 58, NULL, 1, NULL, 1, '2024-10-03 12:35:59'),
(67, 113, 59, NULL, 1, NULL, 1, '2024-10-03 12:35:59'),
(68, 93, 60, NULL, 1, NULL, 1, '2024-10-03 12:35:59'),
(69, 145, 61, NULL, 1, NULL, 1, '2024-10-03 12:35:59'),
(70, 39, 62, NULL, 1, NULL, 1, '2024-10-03 12:35:59'),
(71, 194, 63, NULL, 1, NULL, 1, '2024-10-03 12:35:59'),
(72, 11, 64, NULL, 1, NULL, 2, '2024-10-03 12:35:59'),
(73, 22, 64, NULL, 3, NULL, 1, '2024-10-03 12:35:59'),
(74, 127, 65, NULL, 2, NULL, 1, '2024-10-03 12:35:59'),
(75, 127, 66, NULL, 2, NULL, 1, '2024-10-03 12:35:59'),
(76, 57, 67, NULL, 2, NULL, 2, '2024-10-03 12:35:59'),
(77, 173, 67, NULL, 3, NULL, 1, '2024-10-03 12:35:59'),
(78, 127, 68, NULL, 2, NULL, 1, '2024-10-03 12:35:59'),
(79, 78, 69, NULL, 1, NULL, 2, '2024-10-03 12:35:59'),
(80, 127, 69, NULL, 3, NULL, 1, '2024-10-03 12:35:59'),
(81, 57, 70, NULL, 2, NULL, 2, '2024-10-03 12:35:59'),
(82, 173, 70, NULL, 3, NULL, 1, '2024-10-03 12:35:59'),
(83, 144, 71, NULL, 1, NULL, 1, '2024-10-03 12:35:59'),
(84, 76, 72, NULL, 1, NULL, 1, '2024-10-03 12:35:59'),
(85, 73, 73, NULL, 1, NULL, 1, '2024-10-03 12:35:59'),
(86, 148, 74, NULL, 1, NULL, 1, '2024-10-03 12:35:59'),
(87, 58, 75, NULL, 1, NULL, 1, '2024-10-03 12:35:59'),
(88, 72, 76, NULL, 1, NULL, 1, '2024-10-03 12:35:59'),
(89, 23, 77, NULL, 1, NULL, 1, '2024-10-03 12:35:59'),
(90, 129, 78, NULL, 1, NULL, 1, '2024-10-03 12:36:00'),
(91, 44, 79, NULL, 1, NULL, 1, '2024-10-03 12:36:00'),
(92, 177, 80, NULL, 2, NULL, 1, '2024-10-03 12:36:00'),
(93, 1, 81, NULL, 1, NULL, 1, '2024-10-03 12:36:00'),
(94, 181, 82, NULL, 2, NULL, 1, '2024-10-03 12:36:00'),
(95, 42, 83, NULL, 2, NULL, 1, '2024-10-03 12:36:00'),
(96, 1, 84, NULL, 1, NULL, 1, '2024-10-03 12:36:00'),
(97, 133, 85, NULL, 2, NULL, 1, '2024-10-03 12:36:00'),
(98, 81, 86, NULL, 1, NULL, 1, '2024-10-03 12:36:00'),
(99, 46, 87, NULL, 1, NULL, 2, '2024-10-03 12:36:00'),
(100, 206, 87, NULL, 3, NULL, 1, '2024-10-03 12:36:00'),
(101, 48, 88, NULL, 1, NULL, 1, '2024-10-03 12:36:00'),
(102, 226, 89, NULL, 1, NULL, 1, '2024-10-03 12:36:00'),
(103, 33, 90, NULL, 1, NULL, 1, '2024-10-03 12:36:00'),
(104, 54, 91, NULL, 1, NULL, 1, '2024-10-03 12:36:00'),
(105, 15, 92, NULL, 1, NULL, 2, '2024-10-03 12:36:00'),
(106, 180, 92, NULL, 3, NULL, 1, '2024-10-03 12:36:00'),
(107, 34, 93, NULL, 1, NULL, 1, '2024-10-03 12:36:00'),
(108, 172, 94, NULL, 1, NULL, 1, '2024-10-03 12:36:00'),
(109, 39, 95, NULL, 1, NULL, 1, '2024-10-03 12:36:00'),
(110, 96, 96, NULL, 1, NULL, 1, '2024-10-03 12:36:00'),
(111, 1, 97, NULL, 1, NULL, 1, '2024-10-03 12:36:00'),
(112, 100, 98, NULL, 1, NULL, 1, '2024-10-03 12:36:00'),
(113, 10, 99, NULL, 1, NULL, 1, '2024-10-03 12:36:00'),
(114, 1, 100, NULL, 1, NULL, 1, '2024-10-03 12:36:00'),
(115, 4, 101, NULL, 2, NULL, 1, '2024-10-03 12:36:00'),
(116, 128, 102, NULL, 2, NULL, 1, '2024-10-03 12:36:00'),
(117, 144, 103, NULL, 1, NULL, 1, '2024-10-03 12:36:00'),
(118, 48, 104, NULL, 1, NULL, 1, '2024-10-03 12:36:00'),
(119, 73, 105, NULL, 1, NULL, 1, '2024-10-03 12:36:00'),
(120, 93, 106, NULL, 1, NULL, 1, '2024-10-03 12:36:00'),
(121, 83, 107, NULL, 1, NULL, 1, '2024-10-03 12:36:00'),
(122, 72, 108, NULL, 1, NULL, 1, '2024-10-03 12:36:00'),
(123, NULL, 109, NULL, 1, NULL, 2, '2024-10-03 12:36:00'),
(124, 16, 109, NULL, 3, NULL, 1, '2024-10-03 12:36:00'),
(125, 172, 110, NULL, 1, NULL, 1, '2024-10-03 12:36:00'),
(126, 47, 111, NULL, 1, NULL, 2, '2024-10-03 12:36:00'),
(127, 77, 111, NULL, 3, NULL, 1, '2024-10-03 12:36:00'),
(128, 125, 112, NULL, 1, NULL, 1, '2024-10-03 12:36:00'),
(129, 1, 113, NULL, 1, NULL, 1, '2024-10-03 12:36:00'),
(130, 100, 114, NULL, 1, NULL, 1, '2024-10-03 12:36:00'),
(131, 81, 115, NULL, 1, NULL, 1, '2024-10-03 12:36:00'),
(132, 1, 116, NULL, 1, NULL, 1, '2024-10-03 12:36:00'),
(133, 100, 117, NULL, 2, NULL, 1, '2024-10-03 12:36:00'),
(134, 106, 118, NULL, 1, NULL, 2, '2024-10-03 12:36:00'),
(135, 62, 118, NULL, 3, NULL, 1, '2024-10-03 12:36:00'),
(136, 205, 119, NULL, 1, NULL, 1, '2024-10-03 12:36:00'),
(137, 76, 120, NULL, 1, NULL, 1, '2024-10-03 12:36:00'),
(138, NULL, 121, NULL, 1, NULL, 2, '2024-10-03 12:36:00'),
(139, 134, 121, NULL, 3, NULL, 1, '2024-10-03 12:36:00'),
(140, 30, 122, NULL, 1, NULL, 1, '2024-10-03 12:36:00'),
(141, 154, 123, NULL, 1, NULL, 1, '2024-10-03 12:36:00'),
(142, 72, 124, NULL, 1, NULL, 1, '2024-10-03 12:36:00'),
(143, 23, 125, NULL, 1, NULL, 1, '2024-10-03 12:36:00'),
(144, 98, 126, NULL, 1, NULL, 1, '2024-10-03 12:36:00'),
(145, 60, 127, NULL, 1, NULL, 2, '2024-10-03 12:36:00'),
(146, NULL, 127, NULL, 3, NULL, 2, '2024-10-03 12:36:00'),
(147, NULL, 127, NULL, 3, NULL, 1, '2024-10-03 12:36:00'),
(148, 17, 128, NULL, 1, NULL, 1, '2024-10-03 12:36:00'),
(149, 9, 129, NULL, 1, NULL, 1, '2024-10-03 12:36:00'),
(150, 68, 130, NULL, 1, NULL, 1, '2024-10-03 12:36:00'),
(151, 70, 131, NULL, 1, NULL, 2, '2024-10-03 12:36:00'),
(152, 70, 131, NULL, 2, NULL, 2, '2024-10-03 12:36:00'),
(153, 47, 131, NULL, 3, NULL, 2, '2024-10-03 12:36:00'),
(154, 181, 131, NULL, 3, NULL, 1, '2024-10-03 12:36:00'),
(155, 70, 132, NULL, 1, NULL, 2, '2024-10-03 12:36:00'),
(156, 38, 132, NULL, 3, NULL, 1, '2024-10-03 12:36:00'),
(157, 128, 133, NULL, 2, NULL, 1, '2024-10-03 12:36:00'),
(158, 70, 134, NULL, 2, NULL, 2, '2024-10-03 12:36:00'),
(159, 181, 134, NULL, 3, NULL, 1, '2024-10-03 12:36:00'),
(160, 52, 135, NULL, 1, NULL, 1, '2024-10-03 12:36:00'),
(161, 76, 136, NULL, 1, NULL, 1, '2024-10-03 12:36:00'),
(162, 73, 137, NULL, 1, NULL, 1, '2024-10-03 12:36:00'),
(163, 19, 138, NULL, 1, NULL, 1, '2024-10-03 12:36:00'),
(164, 118, 139, NULL, 1, NULL, 2, '2024-10-03 12:36:00'),
(165, 105, 139, NULL, 3, NULL, 1, '2024-10-03 12:36:00'),
(166, 72, 140, NULL, 1, NULL, 1, '2024-10-03 12:36:00'),
(167, 142, 141, NULL, 1, NULL, 1, '2024-10-03 12:36:00'),
(168, 98, 142, NULL, 1, NULL, 1, '2024-10-03 12:36:00'),
(169, 55, 143, NULL, 1, NULL, 1, '2024-10-03 12:36:00'),
(170, 35, 144, NULL, 1, NULL, 1, '2024-10-03 12:36:00'),
(171, 21, 145, NULL, 1, NULL, 2, '2024-10-03 12:36:00'),
(172, 29, 145, NULL, 3, NULL, 1, '2024-10-03 12:36:00'),
(173, 147, 146, NULL, 2, NULL, 1, '2024-10-03 12:36:00'),
(174, 21, 147, NULL, 2, NULL, 2, '2024-10-03 12:36:00'),
(175, 199, 147, NULL, 3, NULL, 1, '2024-10-03 12:36:00'),
(176, 21, 148, NULL, 1, NULL, 2, '2024-10-03 12:36:00'),
(177, 69, 148, NULL, 3, NULL, 1, '2024-10-03 12:36:00'),
(178, 5, 149, NULL, 2, NULL, 1, '2024-10-03 12:36:00'),
(179, 181, 150, NULL, 2, NULL, 1, '2024-10-03 12:36:00'),
(180, 46, 151, NULL, 1, NULL, 2, '2024-10-03 12:36:00'),
(181, 174, 151, NULL, 3, NULL, 1, '2024-10-03 12:36:00'),
(182, 155, 152, NULL, 1, NULL, 1, '2024-10-03 12:36:00'),
(183, 73, 153, NULL, 1, NULL, 1, '2024-10-03 12:36:00'),
(184, 30, 154, NULL, 1, NULL, 1, '2024-10-03 12:36:00'),
(185, 58, 155, NULL, 1, NULL, 1, '2024-10-03 12:36:00'),
(186, 72, 156, NULL, 1, NULL, 1, '2024-10-03 12:36:00'),
(187, 224, 157, NULL, 2, NULL, 1, '2024-10-03 12:36:00'),
(188, 129, 158, NULL, 1, NULL, 1, '2024-10-03 12:36:00'),
(189, 168, 159, NULL, 1, NULL, 1, '2024-10-03 12:36:00'),
(190, 177, 160, NULL, 2, NULL, 1, '2024-10-03 12:36:00'),
(191, 89, 161, NULL, 2, NULL, 1, '2024-10-03 12:36:00'),
(192, 138, 162, NULL, 2, NULL, 1, '2024-10-03 12:36:00'),
(193, 57, 163, NULL, 2, NULL, 1, '2024-10-03 12:36:00'),
(194, 89, 164, NULL, 1, NULL, 1, '2024-10-03 12:36:00'),
(195, 62, 165, NULL, 2, NULL, 1, '2024-10-03 12:36:00'),
(196, 62, 166, NULL, 2, NULL, 1, '2024-10-03 12:36:00'),
(197, 111, 167, NULL, 1, NULL, 1, '2024-10-03 12:36:00'),
(198, 155, 168, NULL, 1, NULL, 1, '2024-10-03 12:36:00'),
(199, 226, 169, NULL, 1, NULL, 1, '2024-10-03 12:36:00'),
(200, 33, 170, NULL, 1, NULL, 1, '2024-10-03 12:36:00'),
(201, 54, 171, NULL, 1, NULL, 1, '2024-10-03 12:36:00'),
(202, 143, 172, NULL, 1, NULL, 1, '2024-10-03 12:36:00'),
(203, 23, 173, NULL, 1, NULL, 1, '2024-10-03 12:36:00'),
(204, 145, 174, NULL, 1, NULL, 1, '2024-10-03 12:36:00'),
(205, 39, 175, NULL, 1, NULL, 1, '2024-10-03 12:36:00'),
(206, 96, 176, NULL, 1, NULL, 1, '2024-10-03 12:36:00'),
(207, 135, 177, NULL, 1, NULL, 2, '2024-10-03 12:36:00'),
(208, 213, 177, NULL, 3, NULL, 1, '2024-10-03 12:36:00'),
(209, 57, 178, NULL, 2, NULL, 1, '2024-10-03 12:36:00'),
(210, 38, 179, NULL, 2, NULL, 1, '2024-10-03 12:36:00'),
(211, 213, 180, NULL, 2, NULL, 1, '2024-10-03 12:36:00'),
(212, 57, 181, NULL, 2, NULL, 1, '2024-10-03 12:36:00'),
(213, 128, 182, NULL, 2, NULL, 1, '2024-10-03 12:36:00'),
(214, 176, 183, NULL, 1, NULL, 1, '2024-10-03 12:36:00'),
(215, 48, 184, NULL, 1, NULL, 1, '2024-10-03 12:36:00'),
(216, 73, 185, NULL, 1, NULL, 1, '2024-10-03 12:36:00'),
(217, 64, 186, NULL, 1, NULL, 1, '2024-10-03 12:36:00'),
(218, 171, 187, NULL, 1, NULL, 1, '2024-10-03 12:36:00'),
(219, 121, 188, NULL, 1, NULL, 1, '2024-10-03 12:36:00'),
(220, 23, 189, NULL, 1, NULL, 1, '2024-10-03 12:36:00'),
(221, 156, 190, NULL, 1, NULL, 1, '2024-10-03 12:36:00'),
(222, 168, 191, NULL, 1, NULL, 1, '2024-10-03 12:36:00'),
(223, 3, 192, NULL, 1, NULL, 1, '2024-10-03 12:36:00'),
(224, 89, 193, NULL, 1, NULL, 1, '2024-10-03 12:36:00'),
(225, 8, 194, NULL, 2, NULL, 2, '2024-10-03 12:36:00'),
(226, 85, 194, NULL, 3, NULL, 1, '2024-10-03 12:36:00'),
(227, 81, 195, NULL, 2, NULL, 1, '2024-10-03 12:36:00'),
(228, 151, 196, NULL, 2, NULL, 1, '2024-10-03 12:36:00'),
(229, 78, 197, NULL, 2, NULL, 1, '2024-10-03 12:36:00'),
(230, 104, 198, NULL, 2, NULL, 2, '2024-10-03 12:36:00'),
(231, 181, 198, NULL, 3, NULL, 1, '2024-10-03 12:36:00'),
(232, 176, 199, NULL, 2, NULL, 2, '2024-10-03 12:36:00'),
(233, 166, 199, NULL, 3, NULL, 1, '2024-10-03 12:36:00'),
(234, 119, 200, NULL, 1, NULL, 2, '2024-10-03 12:36:00'),
(235, 119, 200, NULL, 2, NULL, 1, '2024-10-03 12:36:00'),
(236, 91, 201, NULL, 1, NULL, 1, '2024-10-03 12:36:00'),
(237, 93, 202, NULL, 1, NULL, 1, '2024-10-03 12:36:00'),
(238, 227, 203, NULL, 1, NULL, 1, '2024-10-03 12:36:00'),
(239, 15, 204, NULL, 1, NULL, 1, '2024-10-03 12:36:00'),
(240, 23, 205, NULL, 1, NULL, 1, '2024-10-03 12:36:00'),
(241, 145, 206, NULL, 1, NULL, 1, '2024-10-03 12:36:00'),
(242, 44, 207, NULL, 1, NULL, 1, '2024-10-03 12:36:00'),
(243, 160, 208, NULL, 1, NULL, 1, '2024-10-03 12:36:00'),
(244, 1, 209, NULL, 1, NULL, 1, '2024-10-03 12:36:00'),
(245, 100, 210, NULL, 1, NULL, 1, '2024-10-03 12:36:00'),
(246, 78, 211, NULL, 2, NULL, 2, '2024-10-03 12:36:00'),
(247, 181, 211, NULL, 3, NULL, 1, '2024-10-03 12:36:00'),
(248, 1, 212, NULL, 1, NULL, 1, '2024-10-03 12:36:00'),
(249, 141, 213, NULL, 2, NULL, 2, '2024-10-03 12:36:00'),
(250, 85, 213, NULL, 3, NULL, 1, '2024-10-03 12:36:00'),
(251, 38, 214, NULL, 2, NULL, 1, '2024-10-03 12:36:00'),
(252, 52, 215, NULL, 1, NULL, 1, '2024-10-03 12:36:00'),
(253, 72, 216, NULL, 2, NULL, 1, '2024-10-03 12:36:00'),
(254, 73, 217, NULL, 1, NULL, 1, '2024-10-03 12:36:00'),
(255, 148, 218, NULL, 1, NULL, 1, '2024-10-03 12:36:00'),
(256, 97, 219, NULL, 1, NULL, 1, '2024-10-03 12:36:00'),
(257, 143, 220, NULL, 1, NULL, 1, '2024-10-03 12:36:00'),
(258, 142, 221, NULL, 1, NULL, 1, '2024-10-03 12:36:00'),
(259, 193, 222, NULL, 1, NULL, 1, '2024-10-03 12:36:00'),
(260, 47, 223, NULL, 1, NULL, 2, '2024-10-03 12:36:00'),
(261, 169, 223, NULL, 3, NULL, 1, '2024-10-03 12:36:00'),
(262, 3, 224, NULL, 1, NULL, 1, '2024-10-03 12:36:00'),
(263, 57, 225, NULL, 2, NULL, 1, '2024-10-03 12:36:00'),
(264, 127, 226, NULL, 2, NULL, 1, '2024-10-03 12:36:00'),
(265, 9, 227, NULL, 2, NULL, 1, '2024-10-03 12:36:00'),
(266, 157, 228, NULL, 2, NULL, 1, '2024-10-03 12:36:00'),
(267, 127, 229, NULL, 2, NULL, 1, '2024-10-03 12:36:00'),
(268, 185, 230, NULL, 2, NULL, 1, '2024-10-03 12:36:00');

-- --------------------------------------------------------

--
-- Estructura de tabla para la tabla `departamento`
--

CREATE TABLE `departamento` (
  `ID_DEP` int(2) NOT NULL,
  `NOMBRE_DEP` varchar(50) NOT NULL
) ENGINE=InnoDB DEFAULT CHARSET=utf8mb4;

--
-- Volcado de datos para la tabla `departamento`
--

INSERT INTO `departamento` (`ID_DEP`, `NOMBRE_DEP`) VALUES
(1, 'Cs. Naturales'),
(2, 'Técnico Profesional'),
(3, 'Comunicación'),
(4, 'Cs. Sociales'),
(5, 'Exactas'),
(6, 'Educ. Física');

-- --------------------------------------------------------

--
-- Estructura de tabla para la tabla `docente`
--

CREATE TABLE `docente` (
  `ID_DOC` int(11) NOT NULL,
  `NOMBRE` varchar(50) NOT NULL,
  `APELLIDO` varchar(50) NOT NULL,
  `DNI` varchar(20) DEFAULT NULL,
  `CUIL` varchar(20) DEFAULT NULL,
  `SEXO` varchar(15) DEFAULT NULL,
  `FECHA_NAC` date DEFAULT NULL,
  `Fecha` timestamp NOT NULL DEFAULT CURRENT_TIMESTAMP ON UPDATE CURRENT_TIMESTAMP
) ENGINE=InnoDB DEFAULT CHARSET=utf8mb4;

--
-- Volcado de datos para la tabla `docente`
--

INSERT INTO `docente` (`ID_DOC`, `NOMBRE`, `APELLIDO`, `DNI`, `CUIL`, `SEXO`, `FECHA_NAC`, `Fecha`) VALUES
(1, 'NORMA GLADYS', 'RIVAROLA', '11864641', '27118646415', 'Femenino', '1955-10-08', '2024-10-03 12:32:29'),
(2, 'ELSA ', 'ARBORIO', '12434199', '27124341995', 'Femenino', '1955-06-08', '2024-10-03 12:32:29'),
(3, 'NOEMI ', 'CARESTIA', '13642940', '27136429405', 'Femenino', '1957-12-10', '2024-10-03 12:32:29'),
(4, 'PABLO DANIEL', 'RODRIGUEZ', '14146371', '20141463714', 'Masculino', '1960-08-13', '2024-10-03 12:32:29'),
(5, 'EDUARDO ', 'LOIS', '14146894', '20141468945', 'Masculino', '1960-11-13', '2024-10-03 12:32:29'),
(6, 'OSVALDO ', 'BARBIERI', '14658779', '20146587799', 'Masculino', '1967-07-20', '2024-10-03 12:32:29'),
(7, 'INES ANTONIO', 'VALLE', '15007603', '27150076035', 'Femenino', '1962-12-15', '2024-10-03 12:32:29'),
(8, 'JOSE FRANCISCO', 'RIVERA', '16019055', '20160190559', 'Masculino', '1962-08-15', '2024-10-03 12:32:29'),
(9, 'VICTOR ', 'FISTER', '16220206', '20162202066', 'Masculino', '1962-09-15', '2024-10-03 12:32:29'),
(10, 'JOR PABLO', 'PADIN OLINIK', '16354054', '20163540542', 'Masculino', '1962-12-15', '2024-10-03 12:32:29'),
(11, 'DANIEL ALBERTO', 'CABEZAS ORTIZ', '16354440', '20163544408', 'Masculino', '1963-02-16', '2024-10-03 12:32:29'),
(12, 'SILVIA BEATRIZ', 'CENTURION', '16434312', '27164343125', 'Femenino', '1963-02-16', '2024-10-03 12:32:29'),
(13, 'HECTOR DANIEL', 'DIAZ', '16722793', '20167227938', 'Masculino', '1964-02-17', '2024-10-03 12:32:29'),
(14, 'NESTOR ', 'OLIVIERI', '17283799', '23172837999', 'Masculino', '1964-06-17', '2024-10-03 12:32:29'),
(15, 'SARA EMA', 'BRANDAN', '17351761', '27173517616', 'Femenino', '1965-09-18', '2024-10-03 12:32:29'),
(16, 'GUSTAVO ', 'ACOSTA', '17477535', '20174775355', 'Masculino', '1965-09-18', '2024-10-03 12:32:29'),
(17, 'NELIDA ', 'ARANDA', '17521161', '27175211611', 'Femenino', '1965-07-18', '2024-10-03 12:32:29'),
(18, 'JUAN ANTONIO', 'AGUIRRE', '17912510', '20179125103', 'Masculino', '1966-08-19', '2024-10-03 12:32:29'),
(19, 'DANIEL ', 'GUERRERO', '18152596', '20181525968', 'Masculino', '1967-01-20', '2024-10-03 12:32:29'),
(20, 'MARIO ', 'MARTINEZ', '18161836', '20181618362', 'Masculino', '1966-12-19', '2024-10-03 12:32:29'),
(21, ' PEDRO PABLO', 'THOMPSON', '18192893', '20181928930', 'Masculino', '1967-06-20', '2024-10-03 12:32:29'),
(22, 'MARCELO FERNANDO', 'MORENO', '18276475', '20182764753', 'Masculino', '1967-04-20', '2024-10-03 12:32:29'),
(23, 'LUIS OMAR', 'TORRES', '18284913', '20182849139', 'Masculino', '1967-11-20', '2024-10-03 12:32:29'),
(24, 'SILVIO HUGO', 'MARTÍNEZ', '18383726', '20183837266', 'Masculino', '1959-06-12', '2024-10-03 12:32:29'),
(25, 'DANIEL ', 'ALFARO', '18436423', '23184364239', 'Masculino', '1967-08-20', '2024-10-03 12:32:29'),
(26, 'PASTOR SOLORZANO', 'EYZAGUIRRE', '19008343', '20190083439', 'Masculino', '1968-08-21', '2024-10-03 12:32:29'),
(27, 'NATALIA NICOLLE', 'KUSNIER CUPAIOLO', '19022404', '27190224045', 'Femenino', '1991-10-13', '2024-10-03 12:32:29'),
(28, 'FABIAN ', 'CARPITELLIA', '20051192', '20200511922', 'Masculino', '1968-06-21', '2024-10-03 12:32:29'),
(29, 'CLAUDIA ANDREA', 'MONTENEGRO', '20205124', '27202051249', 'Femenino', '1968-02-21', '2024-10-03 12:32:29'),
(30, 'CARLOS', 'SANCHEZ', '20422900', '20204229008', 'Masculino', '1968-12-21', '2024-10-03 12:32:29'),
(31, 'CARLOS ', 'VIEYRA', '20485618', '20204856185', 'Masculino', '1968-10-21', '2024-10-03 12:32:29'),
(32, 'CARLOS NEREO', 'AVALOS', '20723942', '23207239429', 'Masculino', '1969-06-22', '2024-10-03 12:32:29'),
(33, 'FRANCISCO ', 'DE LA FUENTE', '20776115', '20207761150', 'Masculino', '1969-01-22', '2024-10-03 12:32:29'),
(34, 'NORMA EDITH', 'JUAREZ', '20786164', '27207861648', 'Femenino', '1969-07-22', '2024-10-03 12:32:29'),
(35, 'CLAUDIA BEATRIZ', 'MEDINA', '20842136', '27208421366', 'Femenino', '1969-06-22', '2024-10-03 12:32:29'),
(36, 'MYRIAN GRACIELA', 'GERSTNER', '20842169', '27208421692', 'Femenino', '1969-07-22', '2024-10-03 12:32:29'),
(37, 'MARCELO ALEJAND', 'FERNANDEZ', '20859388', '23208593889', 'Masculino', '1969-07-22', '2024-10-03 12:32:29'),
(38, 'RICARDO ', 'LEYES', '21103894', '20211038943', 'Masculino', '1969-10-22', '2024-10-03 12:32:29'),
(39, 'FERNANDA ', 'RODRIGUEZ', '21485515', '27214855157', 'Femenino', '1969-12-22', '2024-10-03 12:32:29'),
(40, 'ROBERTO ISMAEL', 'GILL', '21570490', '20215704905', 'Masculino', '1970-05-23', '2024-10-03 12:32:29'),
(41, 'REINA ISABEL', 'ZURITA', '22170640', '23221706404', 'Femenino', '1971-07-24', '2024-10-03 12:32:29'),
(42, 'RAUL ESTEBAN', 'RODRIGUEZ', '22230438', '20222304386', 'Masculino', '1971-05-24', '2024-10-03 12:32:29'),
(43, 'ROSA NOEMI', 'AGUIRRE', '22393413', '27223934132', 'Femenino', '1971-11-24', '2024-10-03 12:32:29'),
(44, 'CLAUDIA ', 'GARCIA', '22545368', '27225453689', 'Femenino', '1971-12-24', '2024-10-03 12:32:29'),
(45, 'ERNESTO ', 'CORDOBA', '22668499', '23226684999', 'Masculino', '1972-03-25', '2024-10-03 12:32:29'),
(46, 'MARIANA ', 'LOPEZ', '22836682', '27228366825', 'Femenino', '1972-08-25', '2024-10-03 12:32:29'),
(47, 'ANGEL J', 'LUZURIAGA', '22948231', '23229482319', 'Masculino', '1972-09-25', '2024-10-03 12:32:29'),
(48, 'CARMEN ', 'HERRERA', '23075933', '27230759338', 'Femenino', '1972-12-25', '2024-10-03 12:32:29'),
(49, 'LEONEL PABLO GERMAN', 'SERENO', '23086757', '20230867578', 'Masculino', '1973-01-26', '2024-10-03 12:32:29'),
(50, 'MAURO GASTÓN', 'AVILA', '23151740', '20231517406', 'Masculino', '1973-04-26', '2024-10-03 12:32:29'),
(51, 'NANCY ', 'MIRANDA', '23441836', '27234418365', 'Femenino', '1973-06-26', '2024-10-03 12:32:29'),
(52, 'CLAUDIA ', 'FARIAS', '23480647', '27234806470', 'Femenino', '1973-07-26', '2024-10-03 12:32:29'),
(53, 'GUSTAVO ', 'PEREIRA', '23506666', '20235066662', 'Masculino', '1974-01-27', '2024-10-03 12:32:29'),
(54, 'ALCIDES MIGUEL', 'ACEVEDO', '23537987', '20235379873', 'Masculino', '1973-12-26', '2024-10-03 12:32:29'),
(55, 'LAURA PATRICIA', 'CAMPOS', '23552449', '27235524495', 'Femenino', '1974-07-27', '2024-10-03 12:32:29'),
(56, 'VIRGINIA ELISABET', 'COLAZO', '23560083', '27235600833', 'Femenino', '1973-07-26', '2024-10-03 12:32:29'),
(57, 'DANIEL ORLANDO', 'PAZ', '23639282', '20236392822', 'Masculino', '1973-12-26', '2024-10-03 12:32:29'),
(58, 'SERGIO DANIEL', 'ESPINDOLA', '23884637', '20238846375', 'Masculino', '1974-06-27', '2024-10-03 12:32:29'),
(59, 'ROXANA VERÓNICA', 'ROMERO', '23904762', '27239047624', 'Femenino', '1974-03-27', '2024-10-03 12:32:29'),
(60, 'KARINA ', 'LO SCHIAVO', '23944999', '27239449994', 'Femenino', '1974-08-27', '2024-10-03 12:32:29'),
(61, 'VICTOR HUGO', 'FERREYRA', '23951651', '20239516514', 'Masculino', '1974-08-27', '2024-10-03 12:32:29'),
(62, 'PEDRO ', 'CAMBULE', '23998211', '20239982116', 'Masculino', '1974-05-27', '2024-10-03 12:32:29'),
(63, 'MAURICIO ALBANO', 'MUÑOZ', '24083882', '20240838827', 'Masculino', '1974-07-27', '2024-10-03 12:32:29'),
(64, 'PAOLA ANDREA', 'DAFFUNCHIO', '24178917', '27241789174', 'Femenino', '1974-12-27', '2024-10-03 12:32:29'),
(65, 'GUTIERREZ PAOLA', 'RODRIGUEZ', '24184427', '27241844272', 'Femenino', '1974-11-27', '2024-10-03 12:32:29'),
(66, 'ADRIANA VALERIA', 'CATAN', '24285057', '27242850578', 'Femenino', '1975-01-28', '2024-10-03 12:32:29'),
(67, 'VALERIA SILVANA', 'NERIS', '24285133', '27242851337', 'Femenino', '1975-02-28', '2024-10-03 12:32:29'),
(68, 'MARTHA BEATRIZ', 'RIOS', '24294162', '23242941624', 'Femenino', '1975-01-28', '2024-10-03 12:32:29'),
(69, 'EDUARDO JACINTO', 'CESPEDES', '24406946', '20244069461', 'Masculino', '1975-02-28', '2024-10-03 12:32:29'),
(70, 'ALBERTO HERNAN', 'PAZ', '24490541', '20244905413', 'Masculino', '1975-02-28', '2024-10-03 12:32:29'),
(71, 'GRACIELA ', 'GARCIA', '24490856', '27244908565', 'Femenino', '1975-05-28', '2024-10-03 12:32:29'),
(72, 'FERNANDO ', 'ANTONELLO', '24636852', '20246368520', 'Masculino', '1975-03-28', '2024-10-03 12:32:29'),
(73, 'LORENA VANINA', 'ISSETTA', '24680551', '27246805518', 'Femenino', '1975-07-28', '2024-10-03 12:32:29'),
(74, 'PATRICIA ANAHI', 'COLINA', '24862276', '27248622763', 'Femenino', '1975-09-28', '2024-10-03 12:32:29'),
(75, 'GUSTAVO ', 'PALACIOS', '25142864', '20251428647', 'Masculino', '1976-03-29', '2024-10-03 12:32:29'),
(76, 'SILVIA KARINA', 'AMAYA', '25153700', '27251537009', 'Femenino', '1976-04-29', '2024-10-03 12:32:29'),
(77, 'MARIA ', 'ALARCON', '25384927', '23253849274', 'Femenino', '1976-07-29', '2024-10-03 12:32:29'),
(78, 'ALEJANDRO DARIO', 'CORDOBA', '25454930', '20254549305', 'Masculino', '1977-01-30', '2024-10-03 12:32:29'),
(79, 'ANGEL ', 'ARGAÑARAZ', '25515302', '20255153022', 'Masculino', '1976-08-29', '2024-10-03 12:32:29'),
(80, 'NATALIA ', 'MIRAFIORI', '25515401', '27255154015', 'Femenino', '1976-08-29', '2024-10-03 12:32:29'),
(81, 'CRISTIAN ', 'CHAMORRO', '25521976', '20255219767', 'Masculino', '1976-11-29', '2024-10-03 12:32:29'),
(82, 'JAVIER GASTON', 'OVEJERO', '25658952', '20256589525', 'Masculino', '1977-07-30', '2024-10-03 12:32:29'),
(83, 'SILVANA MARIA DEL VALLE', 'ESCALADA', '25663450', '27256634509', 'Femenino', '1976-12-29', '2024-10-03 12:32:29'),
(84, 'CLAUDIA E', 'GUADAGNO', '25671625', '27256716254', 'Femenino', '1977-03-30', '2024-10-03 12:32:29'),
(85, 'JESUS NAZARENO', 'CRUZ', '25692615', '20256926157', 'Masculino', '1976-12-29', '2024-10-03 12:32:29'),
(86, 'ALEJANDRO ', 'IBARRA', '25734025', '20257340253', 'Masculino', '1976-12-29', '2024-10-03 12:32:29'),
(87, 'GASTON OSCAR', 'MARTINCUS', '25764897', '20257648975', 'Masculino', '1977-09-30', '2024-10-03 12:32:29'),
(88, 'NATALIA SOLEDAD', 'KEMPER', '25792264', '27257922648', 'Femenino', '1977-03-30', '2024-10-03 12:32:29'),
(89, 'FERNANDO ALFREDO', 'GUTIERREZ', '25859440', '20258594402', 'Masculino', '1977-06-30', '2024-10-03 12:32:29'),
(90, 'LORENA ', 'LOGUZZO', '25863263', '27258632635', 'Femenino', '1977-04-30', '2024-10-03 12:32:29'),
(91, 'MARCELA ', 'GOMEZ', '25863832', '27258638323', 'Femenino', '1977-05-30', '2024-10-03 12:32:29'),
(92, 'GUSTAVO JAVIER', 'SAUCEDO', '26024164', '20260241649', 'Masculino', '1977-03-30', '2024-10-03 12:32:29'),
(93, 'DIEGO ', 'FUENTES', '26024974', '20260249747', 'Masculino', '1977-07-30', '2024-10-03 12:32:29'),
(94, 'ALICIA ', 'GAUTO', '26107937', '27261079378', 'Femenino', '1977-06-30', '2024-10-03 12:32:29'),
(95, 'OSVALDO ARIEL', 'BULACIO', '26114670', '20261146704', 'Masculino', '1977-09-30', '2024-10-03 12:32:29'),
(96, 'DANIELA ', 'GONZALEZ', '26115648', '27261156488', 'Femenino', '1977-09-30', '2024-10-03 12:32:29'),
(97, 'ANDRES ', 'MANSILLA', '26116866', '23261168669', 'Masculino', '1977-10-30', '2024-10-03 12:32:29'),
(98, 'ANDREA ', 'SARRIA', '26117162', '27261171622', 'Femenino', '1977-08-30', '2024-10-03 12:32:29'),
(99, 'GLORIA ', 'PROCHOR', '26134224', '27261342249', 'Femenino', '1977-09-30', '2024-10-03 12:32:29'),
(100, 'ANALIA VANESA', 'GOMEZ', '26174351', '27261743510', 'Femenino', '1977-08-30', '2024-10-03 12:32:29'),
(101, 'IVAN DELLA', 'VECCHIA', '26196183', '20261961831', 'Masculino', '1977-09-30', '2024-10-03 12:32:29'),
(102, 'LEONEL HORACIO', 'HERRERA', '26205212', '20262052126', 'Masculino', '1977-08-30', '2024-10-03 12:32:29'),
(103, 'LUISA ', 'BARRAZA', '26243985', '27262439858', 'Femenino', '0000-00-00', '2024-10-03 12:32:29'),
(104, 'ANGEL ', 'CASTILLO', '26307520', '20263075200', 'Masculino', '1978-03-31', '2024-10-03 12:32:29'),
(105, 'CARLA ROXANA', 'MARTINEZ', '26381174', '27263811742', 'Femenino', '1977-11-30', '2024-10-03 12:32:29'),
(106, 'NANCY CECILIA', 'GOMEZ', '26500191', '27265001918', 'Femenino', '1977-11-30', '2024-10-03 12:32:29'),
(107, 'MANUEL IGNACIO', 'LETIERI', '26705268', '23267052689', 'Masculino', '0000-00-00', '2024-10-03 12:32:29'),
(108, 'EMILCE VERONICA', 'PAZ', '27250230', '27272502302', 'Femenino', '1979-03-01', '2024-10-03 12:32:29'),
(109, 'RICARDO ', 'DUARTE', '27270568', '20272705683', 'Masculino', '1979-03-01', '2024-10-03 12:32:29'),
(110, 'MARIA EUGENIA', 'GONZALEZ', '27383267', '27273832675', 'Femenino', '1979-08-01', '2024-10-03 12:32:29'),
(111, 'YANINA ', 'ARIAS', '27409040', '27274090400', 'Femenino', '1979-04-01', '2024-10-03 12:32:29'),
(112, 'ROBERTO ALEJANDRO', 'BARONI', '27464627', '20274646277', 'Masculino', '1979-09-01', '2024-10-03 12:32:29'),
(113, 'PAULA ', 'MELGAREJO', '27476782', '27274767826', 'Femenino', '1979-10-01', '2024-10-03 12:32:29'),
(114, 'HERNANDEZ MARIANA', 'GOMEZ', '27509218', '27275092180', 'Femenino', '1979-05-01', '2024-10-03 12:32:29'),
(115, 'ANIBAL GASTON', 'LOZA', '27644302', '20276443020', 'Masculino', '1979-11-01', '2024-10-03 12:32:29'),
(116, 'SOLEDAD ', 'ROJAS', '27690608', '27276906084', 'Femenino', '1979-10-01', '2024-10-03 12:32:29'),
(117, 'GERARDO DANIEL', 'WITT', '27704739', '20277047390', 'Masculino', '1979-10-01', '2024-10-03 12:32:29'),
(118, 'VERONICA ', 'GIOIA', '27713867', '27277138676', 'Femenino', '1979-12-01', '2024-10-03 12:32:29'),
(119, 'NORA ELIZABETH', 'GORDILLO', '27946097', '27279460974', 'Femenino', '1980-02-02', '2024-10-03 12:32:29'),
(120, 'CAROLINA ELISABET', 'RAMIREZ', '28028990', '27280289901', 'Femenino', '1980-02-02', '2024-10-03 12:32:29'),
(121, 'ADRIAN ', 'SPERONI', '28029112', '23280291129', 'Masculino', '1980-02-02', '2024-10-03 12:32:29'),
(122, 'ROMINA ANDREA', 'GALLO', '28045616', '27280456166', 'Femenino', '1980-02-02', '2024-10-03 12:32:29'),
(123, 'VANESA DANIELA', 'JUAREZ', '28053999', '27280539991', 'Femenino', '1980-04-02', '2024-10-03 12:32:29'),
(124, 'MERCEDES ', 'BURELA', '28080737', '27280807376', 'Femenino', '1980-04-02', '2024-10-03 12:32:29'),
(125, 'VALERIA ', 'VELAZQUEZ', '28121620', '27281216207', 'Femenino', '1980-10-02', '2024-10-03 12:32:29'),
(126, 'DEBORA CARINA', 'PALAVECINO', '28152210', '27281522103', 'Femenino', '1980-05-02', '2024-10-03 12:32:29'),
(127, 'ARNALDO ', 'ESCALADA', '28186910', '20281869109', 'Masculino', '1980-04-02', '2024-10-03 12:32:29'),
(128, 'CESAR ', 'ETCHEVERRY', '28191299', '20281912993', 'Masculino', '1980-05-02', '2024-10-03 12:32:29'),
(129, 'PAMELA ELISA', 'BONELLI', '28305130', '27283051302', 'Femenino', '1980-08-02', '2024-10-03 12:32:29'),
(130, 'WALTER JOSE', 'MOLINA', '28324944', '20283249442', 'Masculino', '1980-07-02', '2024-10-03 12:32:29'),
(131, 'VALERIA ', 'AGUIRRE', '28329165', '27283291656', 'Femenino', '1980-10-02', '2024-10-03 12:32:29'),
(132, 'ARIEL FRANCISCO', 'DIAZ', '28351019', '20283510191', 'Masculino', '1980-10-02', '2024-10-03 12:32:29'),
(133, 'LORENA ', 'VERA', '28351332', '27283513322', 'Femenino', '1981-03-03', '2024-10-03 12:32:29'),
(134, 'OMAR ', 'QUEVEDO', '28438827', '20284388276', 'Masculino', '1980-11-02', '2024-10-03 12:32:29'),
(135, 'GERMAN ', 'CARDINALE', '28440300', '20284403003', 'Masculino', '1980-10-02', '2024-10-03 12:32:29'),
(136, 'CARLOS LUCIANO', 'FIGUEROA', '28490610', '20284906102', 'Masculino', '1980-11-02', '2024-10-03 12:32:29'),
(137, 'MAXIMILIANO ', 'FERNANDEZ', '28635304', '20286353046', 'Masculino', '1981-01-03', '2024-10-03 12:32:29'),
(138, 'ANALIA R', 'ECHAZU FARIAS', '28844909', '27288449096', 'Femenino', '1981-07-03', '2024-10-03 12:32:29'),
(139, 'GISELA JORGELINA', 'OSTRIZ', '28901842', '27289018420', 'Femenino', '1981-08-03', '2024-10-03 12:32:29'),
(140, 'PAOLA ', 'CORDOBA', '28906681', '27289066816', 'Femenino', '1981-06-03', '2024-10-03 12:32:29'),
(141, 'LUCIANO OSCAR', 'ROTOLO', '29099725', '23290997259', 'Masculino', '1981-10-03', '2024-10-03 12:32:29'),
(142, 'MARINA ', 'LOPEZ', '29117553', '27291175533', 'Femenino', '1981-10-03', '2024-10-03 12:32:29'),
(143, 'MARIA ', 'SOLIS', '29146146', '27291461463', 'Femenino', '1981-10-03', '2024-10-03 12:32:29'),
(144, 'CLAUDIA ', 'TORRES', '29251861', '27292518612', 'Femenino', '1981-12-03', '2024-10-03 12:32:29'),
(145, 'KARINA ALEJANDRA', 'ARCE', '29433432', '27294334322', 'Femenino', '1982-03-04', '2024-10-03 12:32:29'),
(146, 'SEBASTIAN DANIEL', 'CHIRINO', '29511279', '20295112795', 'Masculino', '1982-07-04', '2024-10-03 12:32:29'),
(147, 'MARCELO JOSE', 'LOPEZ', '29557214', '20295572141', 'Masculino', '1982-06-04', '2024-10-03 12:32:29'),
(148, 'NELSON ', 'LUDUE#A', '29569203', '20295692031', 'Masculino', '1982-04-04', '2024-10-03 12:32:29'),
(149, 'JAVIER V', 'BARCENILLA', '29615231', '20296152316', 'Masculino', '1982-05-04', '2024-10-03 12:32:29'),
(150, 'MATIAS NAHUEL', 'CHAUVET', '29659619', '20296596192', 'Masculino', '1982-08-04', '2024-10-03 12:32:29'),
(151, 'JUAN PABLO', 'PROCHOR', '29761228', '20296712281', 'Masculino', '1982-10-04', '2024-10-03 12:32:29'),
(152, 'ANA ELISA', 'MEDINA', '29790008', '27297900086', 'Femenino', '1982-09-04', '2024-10-03 12:32:29'),
(153, 'STELLA MARIS', 'HERRERA', '29873235', '27298732357', 'Femenino', '1982-07-04', '2024-10-03 12:32:29'),
(154, 'VALERIA DA\'CHILLE', 'IGLESIAS', '29890966', '27298909664', 'Femenino', '1982-07-04', '2024-10-03 12:32:29'),
(155, 'GABRIEL ', 'TORRES', '30035771', '20300357718', 'Masculino', '1983-01-05', '2024-10-03 12:32:29'),
(156, 'ANA VALERIA', 'LEGUIZAMO', '30492767', '23304927674', 'Femenino', '1983-09-05', '2024-10-03 12:32:29'),
(157, 'MARCOS NICOLAS', 'CASTILLO', '30527601', '20305276015', 'Masculino', '1983-08-05', '2024-10-03 12:32:29'),
(158, 'MARISA ALEJANDRA', 'PEREYRA', '30923180', '27309231800', 'Femenino', '1984-03-06', '2024-10-03 12:32:29'),
(159, 'GERARDO ', 'VELAZQUEZ', '30930380', '20309303807', 'Masculino', '1984-05-06', '2024-10-03 12:32:29'),
(160, 'ESTELA ISIDORA', 'SANTILLAN', '30953102', '27309531022', 'Femenino', '1984-05-06', '2024-10-03 12:32:29'),
(161, 'MATIAS GABRIEL', 'FARIAS', '30953452', '20309534523', 'Masculino', '1984-07-06', '2024-10-03 12:32:29'),
(162, 'MATÍAS ', 'SCHROEDER', '31145035', '20311450353', 'Masculino', '1984-09-06', '2024-10-03 12:32:29'),
(163, 'MARIA TERESA', 'SILVA', '31145233', '27311452334', 'Femenino', '1984-11-06', '2024-10-03 12:32:29'),
(164, 'JESICA ', 'DESIMONI', '31251508', '27312515089', 'Femenino', '1984-10-06', '2024-10-03 12:32:29'),
(165, 'MARIA LAURA', 'ACU#A', '31636454', '27316364549', 'Femenino', '1985-06-07', '2024-10-03 12:32:29'),
(166, 'EZEQUIEL', 'FIGUEREDO', '31738952', '20317389524', 'Masculino', '1985-10-07', '2024-10-03 12:32:29'),
(167, 'MARINA ', 'AGUERO', '31800312', '27318003128', 'Femenino', '1985-10-07', '2024-10-03 12:32:29'),
(168, 'GISELA MARIEL', 'MARTINEZ', '31927798', '27319277981', 'Femenino', '1985-09-07', '2024-10-03 12:32:29'),
(169, 'CECILIA ', 'FARIAS', '31927846', '27319278465', 'Femenino', '1985-10-07', '2024-10-03 12:32:29'),
(170, 'ROMINA ALEJANDRA', 'GONZALEZ', '31952402', '27319524024', 'Femenino', '1985-12-07', '2024-10-03 12:32:29'),
(171, 'MARIANA ', 'QUIROZ', '31995960', '27319959608', 'Femenino', '1985-10-07', '2024-10-03 12:32:29'),
(172, 'GISELE VANESA', 'RAMIREZ', '32120676', '27321206765', 'Femenino', '1986-01-08', '2024-10-03 12:32:29'),
(173, 'JONATHAN ', 'LOPEZ', '32199643', '20321996435', 'Masculino', '1986-04-08', '2024-10-03 12:32:29'),
(174, 'ALICIA ', 'ARGAÑARAZ', '32209696', '27322096963', 'Femenino', '1986-07-08', '2024-10-03 12:32:29'),
(175, 'SILVIO ROBERTO', 'BARBOZA', '32470352', '20324703528', 'Masculino', '1986-07-08', '2024-10-03 12:32:29'),
(176, 'CARLOS M', 'CANCELA', '32597246', '20325972468', 'Masculino', '1986-10-08', '2024-10-03 12:32:29'),
(177, 'DEBORA ', 'VERA', '32615425', '27326154259', 'Femenino', '1986-10-08', '2024-10-03 12:32:29'),
(178, 'ARIEL MAXIMILIANO', 'DELGADO', '32717699', '20327176995', 'Masculino', '1987-05-09', '2024-10-03 12:32:29'),
(179, 'YANINA ', 'TORRES CABRERA', '32951287', '27329512873', 'Femenino', '1987-03-09', '2024-10-03 12:32:29'),
(180, 'VICTORIA RAQUEL', 'AYALA', '32977693', '27329776935', 'Femenino', '1987-03-09', '2024-10-03 12:32:29'),
(181, 'DAVID FRANCISCO', 'CRUZ', '32982114', '20329821146', 'Masculino', '1986-11-08', '2024-10-03 12:32:29'),
(182, 'INGRID ELIZABETH', 'LOPEZ', '33162966', '27331629664', 'Femenino', '1987-08-09', '2024-10-03 12:32:29'),
(183, 'CRISTIAN LUIS', 'HERNER', '33421332', '20334213324', 'Masculino', '1987-11-09', '2024-10-03 12:32:29'),
(184, 'MARIA SOL', 'VALDEZ', '33421912', '27334219122', 'Femenino', '1988-02-10', '2024-10-03 12:32:29'),
(185, 'MAURO MAXIMILIANO', 'VIANA', '33444250', '20334442501', 'Masculino', '1987-12-09', '2024-10-03 12:32:29'),
(186, 'OSVALDO A', 'CASTILLO', '33946053', '20339460532', 'Masculino', '1988-08-10', '2024-10-03 12:32:29'),
(187, 'LEONARDO ', 'RIOS', '34020185', '20340201850', 'Masculino', '1988-09-10', '2024-10-03 12:32:29'),
(188, 'GABRIELA ', 'GIMENEZ', '34020348', '27340203483', 'Femenino', '1988-08-10', '2024-10-03 12:32:29'),
(189, 'ROMINA ELIZABETH', 'MEZA', '34207787', '27342077876', 'Femenino', '1989-01-11', '2024-10-03 12:32:29'),
(190, 'FLORENCIA ', 'ATAMA#UK', '34250266', '27342502666', 'Femenino', '1989-01-11', '2024-10-03 12:32:29'),
(191, 'LEILA ANABELLA', 'SOLED', '34250899', '27342508990', 'Femenino', '1989-01-11', '2024-10-03 12:32:29'),
(192, 'RUTH MARIA', 'DEL', '34530691', '27345306914', 'Femenino', '1989-11-11', '2024-10-03 12:32:29'),
(193, 'YANINA SIERRA', 'SIERRA', '34631206', '27346312063', 'Femenino', '1989-04-11', '2024-10-03 12:32:29'),
(194, 'DEBORA SIERRA', 'SIERRA', '34631207', '27346312071', 'Femenino', '1989-04-11', '2024-10-03 12:32:29'),
(195, 'RAMON EZEQUIEL', 'QUINTANA', '34777466', '23347774669', 'Masculino', '1989-08-11', '2024-10-03 12:32:29'),
(196, 'MARIA DE', 'LOS', '34849943', '27348499438', 'Femenino', '1989-07-11', '2024-10-03 12:32:29'),
(197, 'ELISEO DIAZ', ' DIAZ', '34931069', '20349310695', 'Masculino', '1989-12-11', '2024-10-03 12:32:29'),
(198, 'DAIANA ANABEL', 'VERON', '34985561', '27349855610', 'Femenino', '1990-01-12', '2024-10-03 12:32:29'),
(199, 'JESICA ', 'FERREYRA', '35352312', '27353523126', 'Femenino', '1990-08-12', '2024-10-03 12:32:29'),
(200, 'GERMÁN SANDRO', 'GONANO', '35365690', '20353656903', 'Masculino', '1990-10-12', '2024-10-03 12:32:29'),
(201, 'SABRINA ', 'LAMBRECH', '35392327', '27353923272', 'Femenino', '1990-09-12', '2024-10-03 12:32:29'),
(202, 'PAULA FLORENCIA', 'JARA', '35607463', '27356074632', 'Femenino', '1990-09-12', '2024-10-03 12:32:29'),
(203, 'DANIELA MICAELA', 'NEGRETTE', '36088391', '23360883914', 'Femenino', '1991-04-13', '2024-10-03 12:32:29'),
(204, 'DANIELA', 'BURELA', '36154905', '27361549053', 'Femenino', '1991-06-13', '2024-10-03 12:32:29'),
(205, 'MARIANELA ELIZABETH', 'BARRIONUEVO', '36614508', '27366145082', 'Femenino', '1991-11-13', '2024-10-03 12:32:29'),
(206, 'AILEN ', 'CALDERON', '36771427', '27367714277', 'Femenino', '1992-05-14', '2024-10-03 12:32:29'),
(207, 'BRIAN ', 'WEBBER', '36825659', '20368256596', 'Masculino', '1992-02-14', '2024-10-03 12:32:29'),
(208, 'JULIANA MARIA', 'SOL', '37759766', '23377597664', 'Femenino', '1993-03-15', '2024-10-03 12:32:29'),
(209, 'JONATHAN ROY', 'WEBBER', '37828147', '20378281475', 'Masculino', '1993-08-15', '2024-10-03 12:32:29'),
(210, 'NAHUEL ', 'CORSO', '37859787', '20378597871', 'Masculino', '1993-11-15', '2024-10-03 12:32:29'),
(211, 'JESSICA TAMARA', 'QUIROZ', '37880167', '27378801678', 'Femenino', '1993-12-15', '2024-10-03 12:32:29'),
(212, 'NOELIA BEATRIZ', 'LENCINAS', '38013752', '27380137521', 'Femenino', '1994-02-16', '2024-10-03 12:32:29'),
(213, 'JUAN MANUEL', 'TITO', '38100689', '20381006892', 'Masculino', '1994-04-16', '2024-10-03 12:32:29'),
(214, 'IVAN JONAS', 'MONTES', '38526136', '20385261366', 'Masculino', '1994-03-16', '2024-10-03 12:32:29'),
(215, 'VANINA GABRIELA', 'TORRES', '38586674', '27385866742', 'Femenino', '1994-10-16', '2024-10-03 12:32:29'),
(216, 'TAMARA AYELEN', 'VEGA', '39104469', '23391044694', 'Femenino', '1995-06-17', '2024-10-03 12:32:29'),
(217, 'FEDERICO ', 'GAUNA', '40252145', '20402521458', 'Masculino', '1997-04-19', '2024-10-03 12:32:29'),
(218, 'ANGEL NICOLAS', 'GUTIERREZ', '40252178', '20402521784', 'Masculino', '1997-04-19', '2024-10-03 12:32:29'),
(219, 'MICAELA ABRIL', 'AVILA', '40353429', '27403534299', 'Femenino', '1997-05-19', '2024-10-03 12:32:29'),
(220, 'TAMARA NATASHA', 'TORRES', '41100838', '27411008385', 'Femenino', '1998-02-20', '2024-10-03 12:32:29'),
(221, 'JULIETA BELEN', 'ROCHA', '41542264', '23415422644', 'Femenino', '1998-10-20', '2024-10-03 12:32:29'),
(222, 'RENZO NICOLAS', 'GATTESCO', '42092761', '20420927615', 'Masculino', '1999-08-21', '2024-10-03 12:32:29'),
(223, 'SOFIA MARILYN', 'CASTILLO', '42626966', '27426269665', 'Femenino', '1994-07-16', '2024-10-03 12:32:29'),
(224, 'FELIPE ', 'RUIZ DIAZ OJEDA', '92512320', '20925123200', 'Masculino', '1959-06-12', '2024-10-03 12:32:29'),
(225, 'MIRTA ', 'ARCE BARBOZA', '92643187', '27926431876', 'Femenino', '1974-01-27', '2024-10-03 12:32:29'),
(226, 'MARIA DEL CARMEN ', 'ALMEIDA', '5164557', '27051645575', 'Femenino', '1946-09-29', '2024-10-03 12:32:29'),
(227, 'NATALIA GRACIELA', 'FARIAS ', '26786759', '0', 'Femenino', '0000-00-00', '2024-10-03 12:32:29'),
(228, 'SOLANGE ANDREA ', 'FERNANDEZ', '38178432', '27381784326', 'Femenino', '1994-04-16', '2024-10-03 12:33:34');

-- --------------------------------------------------------

--
-- Estructura de tabla para la tabla `especialidad`
--

CREATE TABLE `especialidad` (
  `id` int(11) NOT NULL,
  `nombre` varchar(50) DEFAULT NULL
) ENGINE=InnoDB DEFAULT CHARSET=utf8mb4 ROW_FORMAT=COMPACT;

--
-- Volcado de datos para la tabla `especialidad`
--

INSERT INTO `especialidad` (`id`, `nombre`) VALUES
(1, 'TECNICO EN ELECTRONICA'),
(2, 'TECNICO EN INFORMATICA PROFESIONAL Y PERSONAL');

-- --------------------------------------------------------

--
-- Estructura de tabla para la tabla `estado`
--

CREATE TABLE `estado` (
  `id` int(11) NOT NULL,
  `nombre` varchar(45) DEFAULT NULL
) ENGINE=InnoDB DEFAULT CHARSET=latin1;

--
-- Volcado de datos para la tabla `estado`
--

INSERT INTO `estado` (`id`, `nombre`) VALUES
(1, 'Cursando'),
(2, 'Recursar'),
(3, 'Aprobado'),
(4, 'Desaprobado');

-- --------------------------------------------------------

--
-- Estructura de tabla para la tabla `estado_docente`
--

CREATE TABLE `estado_docente` (
  `ID_est` int(11) NOT NULL,
  `Tipo` varchar(20) DEFAULT NULL
) ENGINE=InnoDB DEFAULT CHARSET=utf8mb4 ROW_FORMAT=COMPACT;

--
-- Volcado de datos para la tabla `estado_docente`
--

INSERT INTO `estado_docente` (`ID_est`, `Tipo`) VALUES
(1, 'activo'),
(2, 'licencia'),
(3, 'renuncia'),
(4, 'baja');

-- --------------------------------------------------------

--
-- Estructura de tabla para la tabla `horario`
--

CREATE TABLE `horario` (
  `ID_HOR` int(11) NOT NULL,
  `modulo` varchar(7) DEFAULT NULL,
  `turno` varchar(15) DEFAULT NULL,
  `HORARIO` varchar(5) DEFAULT NULL
) ENGINE=InnoDB DEFAULT CHARSET=utf8mb4;

--
-- Volcado de datos para la tabla `horario`
--

INSERT INTO `horario` (`ID_HOR`, `modulo`, `turno`, `HORARIO`) VALUES
(1, '1', 'M', '07:15'),
(2, '2', 'M', '09:15'),
(3, '3', 'M', '10:35'),
(4, '4', 'M', '11:35'),
(5, '5', 'M', '12:35'),
(6, 'prehora', 'T', '12:15'),
(7, '1', 'T', '13:15'),
(8, '2', 'T', '14:15'),
(9, '3', 'T', '15:35'),
(10, '4', 'T', '16:35'),
(11, '5', 'T', '17:35'),
(12, 'prehora', 'V', '16:45'),
(13, '1', 'V', '17:45'),
(14, '2', 'V', '18:45'),
(15, '3', 'V', '20:00'),
(16, '4', 'V', '21:00');

-- --------------------------------------------------------

--
-- Estructura de tabla para la tabla `horario_cargos`
--

CREATE TABLE `horario_cargos` (
  `ID_HOR_CAR` int(11) NOT NULL,
  `FK_CAR` int(11) DEFAULT NULL,
  `DIA` varchar(20) DEFAULT NULL,
  `TURNO` varchar(20) DEFAULT NULL,
  `HORARIO_INICIO` time DEFAULT NULL,
  `HORARIO_FIN` time DEFAULT NULL
) ENGINE=InnoDB DEFAULT CHARSET=utf8mb4;

-- --------------------------------------------------------

--
-- Estructura de tabla para la tabla `horario_curso_materia`
--

CREATE TABLE `horario_curso_materia` (
  `ID_HOR_CUR_MAT` int(11) NOT NULL,
  `FK_CUR_mat` int(11) DEFAULT NULL,
  `FK_PLAN` int(11) DEFAULT NULL,
  `FK_HOR` int(11) DEFAULT NULL,
  `DIA` varchar(15) DEFAULT NULL
) ENGINE=InnoDB DEFAULT CHARSET=utf8mb4;

-- --------------------------------------------------------

--
-- Estructura de tabla para la tabla `materias`
--

CREATE TABLE `materias` (
  `id` int(11) NOT NULL,
  `nombre` varchar(70) NOT NULL,
  `anio` int(11) NOT NULL,
  `modulos` int(11) NOT NULL,
  `FK_ESP` int(11) DEFAULT NULL,
  `FK_DEP` int(11) DEFAULT NULL,
  `FK_CAMP` int(11) DEFAULT NULL,
  `FK_RES` int(11) NOT NULL,
  `FK_CICLO` int(11) NOT NULL,
  `COD_PDD` varchar(8) DEFAULT NULL,
  `COD_CONTRALOR` varchar(8) DEFAULT NULL
) ENGINE=InnoDB DEFAULT CHARSET=utf8mb4;

--
-- Volcado de datos para la tabla `materias`
--

INSERT INTO `materias` (`id`, `nombre`, `anio`, `modulos`, `FK_ESP`, `FK_DEP`, `FK_CAMP`, `FK_RES`, `FK_CICLO`, `COD_PDD`, `COD_CONTRALOR`) VALUES
(1, 'CIENCIAS NATURALES', 1, 4, NULL, 1, 1, 1, 1, 'CNT', 'NAT'),
(2, 'CIENCIAS SOCIALES', 1, 4, NULL, 4, 1, 1, 1, 'CSC', 'SOC'),
(3, 'EDUCACIÓN ARTÍSTICA', 1, 2, NULL, 3, 1, 1, 1, 'APV', 'ART'),
(4, 'EDUCACIÓN FÍSICA', 1, 2, NULL, 6, 1, 1, 1, 'EFC', 'EFI'),
(5, 'INGLES', 1, 2, NULL, 3, 1, 1, 1, 'IGS', 'ING'),
(6, 'MATEMATICA', 1, 4, NULL, 5, 1, 1, 1, 'MTM', 'MAT'),
(7, 'PRÁCTICAS DEL LENGUAJE', 1, 4, NULL, 3, 1, 1, 1, 'PLG', 'PLG'),
(8, 'CONSTRUCCIÓN DE LA CIUDADANA', 1, 2, NULL, 4, 1, 4, 1, 'CCD', 'CCD'),
(9, 'PROCEDIMIENTOS TÉCNICOS', 1, 2, NULL, 2, 3, 5, 1, 'PCT', 'TPT'),
(10, 'LENGUAJES TECNOLÓGICOS', 1, 2, NULL, 2, 3, 5, 1, 'LTS', 'TLT'),
(11, 'SISTEMAS TECNOLÓGICOS', 1, 2, NULL, 2, 3, 5, 1, 'STS', 'TST'),
(12, 'TALLER', 1, 6, NULL, 2, 3, 5, 1, NULL, NULL),
(13, 'BIOLOGIA', 2, 2, NULL, 1, 1, 2, 1, 'BLG', 'BIO'),
(14, 'CONSTRUCCIÓN DE LA CIUDADANA', 2, 2, NULL, 4, 1, 4, 1, 'CCD', 'CCD'),
(15, 'EDUCACIÓN ARTÍSTICA', 2, 2, NULL, 3, 1, 2, 1, 'APV', 'ART'),
(16, 'EDUCACIÓN FÍSICA', 2, 2, NULL, 6, 1, 2, 1, 'EFC', 'EFI'),
(17, 'FISICO-QUÍMICA', 2, 2, NULL, 1, 1, 2, 1, 'FQA', 'FI/QUI'),
(18, 'GEOGRAFIA', 2, 2, NULL, 4, 1, 2, 1, 'GGF', 'GEO'),
(19, 'HISTORIA', 2, 2, NULL, 4, 1, 2, 1, 'GTR', 'HIS'),
(20, 'INGLES', 2, 2, NULL, 3, 1, 2, 1, 'IGS', 'ING'),
(21, 'MATEMATICA', 2, 4, NULL, 5, 1, 2, 1, 'MTM', 'MAT'),
(22, 'PRÁCTICAS DEL LENGUAJE', 2, 4, NULL, 3, 1, 2, 1, 'PLG', 'PLG'),
(23, 'PROCEDIMIENTOS TÉCNICOS', 2, 4, NULL, 2, 3, 5, 1, 'PCE', 'TPT2'),
(24, 'LENGUAJES TECNOLÓGICOS', 2, 2, NULL, 2, 3, 5, 1, 'LTE', 'TLT2'),
(25, 'SISTEMAS TECNOLÓGICOS', 2, 2, NULL, 2, 3, 5, 1, 'ST2', 'TST2'),
(26, 'TALLER', 2, 8, NULL, 2, 3, 5, 1, NULL, NULL),
(27, 'BIOLOGIA', 3, 2, NULL, 1, 1, 3, 1, 'BLG', 'BIO'),
(28, 'CONSTRUCCIÓN DE LA CIUDADANA', 3, 2, NULL, 4, 1, 4, 1, 'CCD', 'CCD'),
(29, 'EDUCACIÓN ARTÍSTICA', 3, 2, NULL, 3, 1, 3, 1, 'APV', 'ART'),
(30, 'EDUCACIÓN FÍSICA', 3, 2, NULL, 6, 1, 3, 1, 'EFC', 'EFI'),
(31, 'FISICO-QUÍMICA', 3, 2, NULL, 1, 1, 3, 1, 'FQA', 'FI/QUI'),
(32, 'GEOGRAFIA', 3, 2, NULL, 4, 1, 3, 1, 'GGF', 'GEO'),
(33, 'HISTORIA', 3, 2, NULL, 4, 1, 3, 1, 'GTR', 'HIS'),
(34, 'INGLES', 3, 2, NULL, 3, 1, 3, 1, 'IGS', 'ING'),
(35, 'MATEMATICA', 3, 4, NULL, 5, 1, 3, 1, 'MTM', 'MAT'),
(36, 'PRÁCTICAS DEL LENGUAJE', 3, 4, NULL, 3, 1, 3, 1, 'PLG', 'PLG'),
(37, 'PROCEDIMIENTOS TÉCNICOS', 3, 2, NULL, 2, 3, 5, 1, 'PCS', 'TPT3'),
(38, 'LENGUAJES TECNOLÓGICOS', 3, 2, NULL, 2, 3, 5, 1, 'LTS', 'TLT3'),
(39, 'SISTEMAS TECNOLÓGICOS', 3, 4, NULL, 2, 3, 5, 1, 'ST1', 'TST3'),
(40, 'TALLER', 3, 8, NULL, 2, 3, 5, 1, NULL, NULL),
(41, 'LITERATURA', 4, 2, 1, 3, 1, 6, 2, 'LIT', 'LITS'),
(42, 'INGLES', 4, 2, 1, 3, 1, 6, 2, 'IGS', 'INGS'),
(43, 'EDUCACIÓN FÍSICA', 4, 2, 1, 6, 1, 6, 2, 'EFC', 'EFIS'),
(44, 'SALUD Y ADOLESCENCIA', 4, 2, 1, 4, 1, 6, 2, 'SYA', 'SADS'),
(45, 'HISTORIA', 4, 2, 1, 4, 1, 6, 2, 'HTR', 'HIS'),
(46, 'GEOGRAFIA', 4, 2, 1, 4, 1, 6, 2, 'GGF', 'GEOS'),
(47, 'MATEMÁTICA –CICLO SUPERIOR', 4, 4, 1, 5, 2, 6, 2, 'MCS', 'MATES'),
(48, 'FISICA', 4, 3, 1, 5, 2, 6, 2, 'FIS', 'FIS'),
(49, 'QUIMICA', 4, 2, 1, 5, 2, 6, 2, 'QMC', 'QUIS'),
(50, 'FUNDAMENTOS DE LOS MODELOS CIRCUITALES', 4, 2, 1, 2, 2, 6, 2, 'FMC', 'FMC'),
(51, 'TECNOLOGÍA ELECTRÓNICA', 4, 2, 1, 2, 2, 6, 2, 'TEL', 'TECEL'),
(52, 'APLICACIÓNES DE LA ELECTRÓNICA ANALÓGICA', 4, 4, 1, 2, 3, 6, 2, 'AEA', 'FTAE4'),
(53, 'APLICACIÓNES DE LA ELECTRÓNICA DIGITAL', 4, 4, 1, 2, 3, 6, 2, 'AED', 'FTED4'),
(54, 'MONTAJE DE PROYECTOS ELECTRÓNICOS', 4, 4, 1, 2, 3, 6, 2, 'MEL', 'FTMP4'),
(55, 'LITERATURA', 5, 2, 1, 3, 1, 6, 2, 'LIT', 'LITS'),
(56, 'INGLES', 5, 2, 1, 3, 1, 6, 2, 'IGS', 'INGS'),
(57, 'EDUCACIÓN FÍSICA', 5, 2, 1, 6, 1, 6, 2, 'EFC', 'EFIS'),
(58, 'POLITICA Y CIUDADANÍA', 5, 2, 1, 4, 1, 6, 2, 'PIC', 'PYCS'),
(59, 'HISTORIA', 5, 2, 1, 4, 1, 6, 2, 'HTR', 'HIS5'),
(60, 'GEOGRAFÍA', 5, 2, 1, 4, 1, 6, 2, 'GGF', 'GEOS5'),
(61, 'ANÁLISIS MATEMÁTICO', 5, 4, 1, 5, 2, 6, 2, 'AM', 'ANMAT'),
(62, 'ANÁLISIS DE MODELOS CIRCUITALES', 5, 2, 1, 2, 2, 6, 2, 'MOC', 'AMC'),
(63, 'LENGUAJES ELECTRÓNICOS', 5, 2, 1, 2, 2, 6, 2, 'LEE', 'LENE'),
(64, 'DISEÑO ASISTIDO Y SIMULACIÓN ELECTRÓNICA', 5, 2, 1, 2, 3, 6, 2, 'DAS	', 'DASE'),
(65, 'APLICACIÓNES DE LA ELECTRÓNICA ANALÓGICA', 5, 4, 1, 2, 3, 6, 2, 'AEA', 'FTAE5'),
(66, 'APLICACIÓNES DE LA ELECTRÓNICA DIGITAL', 5, 4, 1, 2, 3, 6, 2, 'AED', 'FTED5'),
(67, 'MONTAJE DE PROYECTOS ELECTRÓNICOS', 5, 4, 1, 2, 3, 6, 2, 'MEL', 'FTMP5'),
(68, 'LITERATURA', 6, 2, 1, 3, 1, 6, 2, 'LIT', 'LITS'),
(69, 'INGLES', 6, 2, 1, 3, 1, 6, 2, 'IGS', 'INGS'),
(70, 'EDUCACIÓN FÍSICA', 6, 2, 1, 6, 1, 6, 2, 'EFC', 'EFIS'),
(71, 'FILOSOFIA', 6, 2, 1, 4, 1, 6, 2, 'FIA', 'FILO'),
(72, 'ARTE', 6, 2, 1, 3, 1, 6, 2, 'RTE', 'ARTE'),
(73, 'MATEMÁTICA APLICADA', 6, 4, 1, 5, 2, 6, 2, 'MA2', 'MATAP'),
(74, 'SISTEMAS DE COMUNICACIONES', 6, 3, 1, 2, 2, 6, 2, 'SC', 'SISCO'),
(75, 'INSTALACIONES Y MAQUINAS ELÉCTRICAS', 6, 2, 1, 2, 2, 6, 2, 'IMO', 'INSMA'),
(76, 'SISTEMAS PRODUCTIVOS', 6, 2, 1, 2, 2, 6, 2, 'SP', 'SIPRO'),
(77, 'DERECHOS DEL TRABAJO', 6, 2, 1, 2, 2, 6, 2, 'DET', 'DETRA'),
(78, 'LENGUAJES ELECTRÓNICOS', 6, 2, 1, 2, 3, 6, 2, 'LEE', 'LENE6'),
(79, 'APLICACIÓNES DE LA ELECTRÓNICA ANALÓGICA', 6, 4, 1, 2, 3, 6, 2, 'AEA', 'FTAE6'),
(80, 'APLICACIÓNES DE LA ELECTRÓNICA DIGITAL', 6, 4, 1, 2, 3, 6, 2, 'AED', 'FTED6'),
(81, 'MONTAJE DE PROYECTOS ELECTRÓNICOS', 6, 4, 1, 2, 3, 6, 2, 'MEL', 'FTMP6'),
(82, 'PRÁCTICAS PROFESIONALIZANTES DEL SECTOR ELECTRÓNICO', 7, 0, 1, 3, 4, 6, 2, 'PP', 'PPSEL'),
(83, 'EMPRENDIMIENTO PRODUCTIVO Y DESARROLLO LOCAL', 7, 2, 1, 2, 2, 6, 2, NULL, 'PPDLO'),
(84, 'SISTEMAS DE CONTROL', 7, 4, 1, 2, 2, 6, 2, NULL, 'SIDCO'),
(85, 'SISTEMA DE COMUNICACIONES', 7, 4, 1, 2, 2, 6, 2, 'SC', 'SISDC'),
(86, 'SEGURIDAD, HIGIEGNE Y PROTECCIÓN AMBIENTAL', 7, 2, 1, 2, 2, 6, 2, '', 'SEHPA'),
(87, 'PROYECTO Y DISEÑO ELECTRONICO', 7, 4, 1, 2, 3, 6, 2, 'PDN', 'PRODE'),
(88, 'INSTALACIONES INDUSTRIALES', 7, 4, 1, 2, 3, 6, 2, 'IND', 'INSIN'),
(89, 'ELECTRONICA APLICADA', 7, 4, 1, 2, 3, 6, 2, 'ELA', 'ELEAP'),
(90, 'LITERATURA', 4, 2, 2, 3, 1, 6, 2, 'LIT', 'LITS'),
(91, 'INGLES', 4, 2, 2, 3, 1, 6, 2, 'IGS', 'INGS'),
(92, 'EDUCACIÓN FÍSICA', 4, 2, 2, 6, 1, 6, 2, 'EFC', 'EFIS'),
(93, 'SALUD Y ADOLESCENCIA', 4, 2, 2, 4, 1, 6, 2, 'SYA', 'SADS'),
(94, 'HISTORIA', 4, 2, 2, 4, 1, 6, 2, 'HTR', 'HIS'),
(95, 'GEOGRAFIA', 4, 2, 2, 4, 1, 6, 2, 'GGF', 'GEOS'),
(96, 'MATEMATICA CICLO SUPERIOR', 4, 4, 2, 5, 2, 6, 2, 'MCS', 'MATES'),
(97, 'FISICA', 4, 3, 2, 5, 2, 6, 2, 'FIS', 'FIS'),
(98, 'QUÍMICA', 4, 2, 2, 5, 2, 6, 2, 'QMC', 'QUIS'),
(99, 'TECNOLOGÍA ELECTRÓNICA', 4, 2, 2, 2, 2, 6, 2, 'TEL', 'TECEL'),
(100, 'LABORATORIO DE PROGRAMACIÓN', 4, 2, 2, 2, 3, 6, 2, 'LPR', 'FTLP4'),
(101, 'LABORATORIO DE HARDWARE', 4, 4, 2, 2, 3, 6, 2, 'LHW', 'FTLH4'),
(102, 'LABORATORIO DE SISTEMAS OPERATIVOS', 4, 4, 2, 2, 3, 6, 2, 'LSO', 'FTLS4'),
(103, 'LABORATORIO DE APLICACIONES', 4, 2, 2, 2, 3, 6, 2, 'LAP', 'FTLA4'),
(104, 'LITERATURA', 5, 2, 2, 3, 1, 6, 2, 'LIT', 'LITS'),
(105, 'INGLES', 5, 2, 2, 3, 1, 6, 2, 'IGS', 'INGS'),
(106, 'EDUCACIÓN FÍSICA', 5, 2, 2, 6, 1, 6, 2, 'EFC', 'EFIS'),
(107, 'POLITICA Y CIUDADANÍA', 5, 2, 2, 4, 1, 6, 2, 'PYC', 'PYCS'),
(108, 'HISTORIA', 5, 2, 2, 4, 1, 6, 2, 'HTR', 'HIS5'),
(109, 'GEOGRAFIA', 5, 2, 2, 4, 1, 6, 2, 'GGF', 'GEOS5'),
(110, 'ANÁLISIS MATEMÁTICO', 5, 4, 2, 5, 2, 6, 2, 'MTM', 'ANMAT'),
(111, 'SISTEMAS DIGITALES', 5, 2, 2, 1, 2, 6, 2, 'SD', 'SIDI4'),
(112, 'TELEINFORMÁTICA', 5, 2, 2, 2, 2, 6, 2, 'TLI', 'TELEI'),
(113, 'LABORATORIO DE PROGRAMACIÓN', 5, 2, 2, 2, 3, 6, 2, 'LPR', 'FTLP5'),
(114, 'LABORATORIO DE HARDWARE', 5, 4, 2, 2, 3, 6, 2, 'LHW', 'FTLH5'),
(115, 'LABORATORIO DE SISTEMAS OPERATIVOS', 5, 4, 2, 2, 3, 6, 2, 'LSO', 'FTLS5'),
(116, 'LABORATORIO DE APLICACIONES', 5, 2, 2, 2, 3, 6, 2, 'LAP', 'FTLA5'),
(117, 'LITERATURA', 6, 2, 2, 3, 1, 6, 2, 'LIT', 'LITS'),
(118, 'INGLES', 6, 2, 2, 3, 1, 6, 2, 'IGS', 'INGS'),
(119, 'EDUCACIÓN FÍSICA', 6, 2, 2, 6, 1, 6, 2, 'EFC', 'EFIS'),
(120, 'FILOSOFIA', 6, 2, 2, 4, 1, 6, 2, 'FIA', 'FILO'),
(121, 'ARTE', 6, 2, 2, 4, 1, 6, 2, 'RTE', 'ARTE'),
(122, 'MATEMÁTICA APLICADA', 6, 4, 2, 5, 2, 6, 2, 'MAT2', 'MATAP'),
(123, 'SISTEMAS DIGITALES', 6, 2, 2, 1, 2, 6, 2, 'SD', 'SIDI6'),
(124, 'INVESTIGACIÓN OPERATIVA', 6, 2, 2, 2, 2, 6, 2, 'OPE', 'INVOP'),
(125, 'SEGURIDAD INFORMÁTIVA', 6, 2, 2, 2, 2, 6, 2, 'INS', 'SEIN'),
(126, 'DERECHO DEL TRABAJO', 6, 2, 2, 2, 2, 6, 2, 'DET', 'DETRA'),
(127, 'LABORATORIO DE PROGRAMACIÓN', 6, 2, 2, 2, 3, 6, 2, 'LPR', 'FTLP6'),
(128, 'LABORATORIO DE HARDWARE', 6, 4, 2, 2, 3, 6, 2, 'LHW', 'FTLH6'),
(129, 'LABORATORIO DE SISTEMAS OPERATIVOS', 6, 4, 2, 2, 3, 6, 2, 'LSO', 'FTLS6'),
(130, 'LABORATORIO DE APLICACIONES', 6, 2, 2, 2, 3, 6, 2, 'LAP', 'FTLA6'),
(131, 'PRÁCTICAS PROFESIONALIZANTES DEL SECTOR INFORMÁTICA', 7, 0, 2, 3, 4, 6, 2, 'PP', 'PPSIN'),
(132, 'EMPRENDIMIENTO PRODUCTIVO Y DESARROLLO LOCAL', 7, 2, 2, 2, 2, 6, 2, NULL, 'PPDLO'),
(133, 'EVALUACIÓN DE PROYECTOS', 7, 4, 2, 2, 2, 6, 2, 'PEP', 'EVPRO'),
(134, 'MODELOS Y SISTEMAS', 7, 4, 2, 2, 2, 6, 2, 'MYC', 'MOSIS'),
(135, 'BASES DE DATOS', 7, 3, 2, 2, 2, 6, 2, 'BDD', 'BADAT'),
(136, 'PROYECTO, DISEÑO E IMPLEMENTACIÓN DE SISTEMAS COMPUTACIONALES', 7, 4, 2, 2, 3, 6, 2, 'PPU', 'PDISC'),
(137, 'INSTALACIÓN, MANTENIMIENTO Y REPARACIÓN DE SISTEMAS COMPUTACIONALES', 7, 4, 2, 2, 3, 6, 2, 'IMC', 'IMRSC'),
(138, 'INSTALACIÓN, MANTENIMIENTO Y REPARACIÓN DE REDES INFORMATICAS', 7, 4, 2, 2, 3, 6, 2, 'IRI', 'IMRRI');

-- --------------------------------------------------------

--
-- Estructura de tabla para la tabla `notas`
--

CREATE TABLE `notas` (
  `id` int(11) DEFAULT NULL,
  `idAlumno_curso_materia` int(11) DEFAULT NULL,
  `idCiclo_lectivo` int(11) DEFAULT NULL,
  `idPeriodo` int(11) DEFAULT NULL,
  `nota` int(11) DEFAULT NULL
) ENGINE=InnoDB DEFAULT CHARSET=latin1;

-- --------------------------------------------------------

--
-- Estructura de tabla para la tabla `periodo`
--

CREATE TABLE `periodo` (
  `id` int(11) NOT NULL,
  `nombre` varchar(45) DEFAULT NULL
) ENGINE=InnoDB DEFAULT CHARSET=latin1;

--
-- Volcado de datos para la tabla `periodo`
--

INSERT INTO `periodo` (`id`, `nombre`) VALUES
(1, '1re periodo'),
(2, '2do periodo'),
(3, '3ro periodo'),
(4, '4to periodo');

-- --------------------------------------------------------

--
-- Estructura de tabla para la tabla `planificaciones`
--

CREATE TABLE `planificaciones` (
  `ID_PLAN` int(11) NOT NULL,
  `FK_DOC` int(11) DEFAULT NULL,
  `FK_CIC_LEC` int(11) DEFAULT NULL,
  `FK_MAT` int(11) DEFAULT NULL,
  `PLANIFICACION` varchar(40) DEFAULT NULL,
  `Fecha` timestamp NOT NULL DEFAULT CURRENT_TIMESTAMP ON UPDATE CURRENT_TIMESTAMP
) ENGINE=InnoDB DEFAULT CHARSET=utf8mb4;

-- --------------------------------------------------------

--
-- Estructura de tabla para la tabla `plan_cursomateria`
--

CREATE TABLE `plan_cursomateria` (
  `ID_PLAN_CURMAT` int(11) NOT NULL,
  `FK_CUR_mat` int(11) DEFAULT NULL,
  `FK_PLAN` int(11) DEFAULT NULL
) ENGINE=InnoDB DEFAULT CHARSET=utf8mb4;

-- --------------------------------------------------------

--
-- Estructura de tabla para la tabla `resolucion`
--

CREATE TABLE `resolucion` (
  `ID_RES` int(2) NOT NULL,
  `NOMBRE_RES` varchar(80) NOT NULL,
  `DESCRIPCION` varchar(200) DEFAULT NULL
) ENGINE=InnoDB DEFAULT CHARSET=utf8mb4;

--
-- Volcado de datos para la tabla `resolucion`
--

INSERT INTO `resolucion` (`ID_RES`, `NOMBRE_RES`, `DESCRIPCION`) VALUES
(1, 'RESOL 3233/06', 'DISEÑO CURRICULAR 1 AÑO'),
(2, 'RESOL 2495/07', 'DISEÑO CURRICULAR 2 AÑO'),
(3, 'RESOL 317/07', 'DISEÑO CURRICULAR 3 AÑO'),
(4, 'RESOL 2496/07', 'DISEÑO CURRICULAR CONSUTRUCCION CIUDADANA 1, 2 Y 3 AÑO'),
(5, 'RESOL 88/09', 'FUNDAMENTACION GENERAL DEL CICLO BASICO EDUCACION TECNICA'),
(6, 'RESOL 3828/09', 'FUNDAMENTACION GENERAL DEL CICLO SUPERIOR EDUCACION TECNICA');

-- --------------------------------------------------------

--
-- Estructura de tabla para la tabla `sit_rev`
--

CREATE TABLE `sit_rev` (
  `ID_sit` int(11) NOT NULL,
  `Tipo` varchar(20) DEFAULT NULL
) ENGINE=InnoDB DEFAULT CHARSET=utf8mb4;

--
-- Volcado de datos para la tabla `sit_rev`
--

INSERT INTO `sit_rev` (`ID_sit`, `Tipo`) VALUES
(1, 'titular'),
(2, 'provisional'),
(3, 'suplente'),
(4, 'SERVICIO PROVISORIO');

-- --------------------------------------------------------

--
-- Estructura de tabla para la tabla `tipocargo`
--

CREATE TABLE `tipocargo` (
  `ID_TC` int(11) NOT NULL,
  `TIPOCARGO` varchar(30) DEFAULT NULL
) ENGINE=InnoDB DEFAULT CHARSET=utf8mb4;

-- --------------------------------------------------------

--
-- Estructura de tabla para la tabla `turno`
--

CREATE TABLE `turno` (
  `ID_TURNO` int(11) NOT NULL,
  `NOMBRE_TURNO` varchar(50) NOT NULL,
  `HORARIO` varchar(50) DEFAULT NULL
) ENGINE=InnoDB DEFAULT CHARSET=utf8mb4;

--
-- Volcado de datos para la tabla `turno`
--

INSERT INTO `turno` (`ID_TURNO`, `NOMBRE_TURNO`, `HORARIO`) VALUES
(1, 'MAÑANA', NULL),
(2, 'TARDE', NULL),
(3, 'VESPERTINO', NULL);

-- --------------------------------------------------------

--
-- Estructura de tabla para la tabla `usuario`
--

CREATE TABLE `usuario` (
  `id` int(11) NOT NULL,
  `user` varchar(45) NOT NULL,
  `cont` varchar(45) NOT NULL,
  `Fecha` timestamp NOT NULL DEFAULT CURRENT_TIMESTAMP ON UPDATE CURRENT_TIMESTAMP
) ENGINE=InnoDB DEFAULT CHARSET=utf8mb4;

--
-- Volcado de datos para la tabla `usuario`
--

INSERT INTO `usuario` (`id`, `user`, `cont`, `Fecha`) VALUES
(1, 'preceptoria', 'Tecnica1', '2024-10-10 03:33:09'),
(2, 'direccion', 'educar', '2024-10-10 03:33:09');

--
-- Índices para tablas volcadas
--

--
-- Indices de la tabla `alumnos`
--
ALTER TABLE `alumnos`
  ADD PRIMARY KEY (`id`);

--
-- Indices de la tabla `alumno_curso_materia`
--
ALTER TABLE `alumno_curso_materia`
  ADD PRIMARY KEY (`id`);

--
-- Indices de la tabla `campo_formacion`
--
ALTER TABLE `campo_formacion`
  ADD PRIMARY KEY (`ID_CAMP`);

--
-- Indices de la tabla `cargos`
--
ALTER TABLE `cargos`
  ADD PRIMARY KEY (`ID_CAR`),
  ADD KEY `FK_DOC` (`FK_DOC`),
  ADD KEY `FK_TC` (`FK_TC`);

--
-- Indices de la tabla `ciclo`
--
ALTER TABLE `ciclo`
  ADD PRIMARY KEY (`ID_CICLO`);

--
-- Indices de la tabla `ciclo_lectivo`
--
ALTER TABLE `ciclo_lectivo`
  ADD PRIMARY KEY (`id`);

--
-- Indices de la tabla `curso`
--
ALTER TABLE `curso`
  ADD PRIMARY KEY (`id`),
  ADD KEY `FK_ESP` (`idEspecialidad`);

--
-- Indices de la tabla `curso_materia`
--
ALTER TABLE `curso_materia`
  ADD PRIMARY KEY (`id`),
  ADD KEY `FK_CUR` (`idCurso`),
  ADD KEY `FK_MAT` (`idMaterias`);

--
-- Indices de la tabla `curso_materia_docente`
--
ALTER TABLE `curso_materia_docente`
  ADD PRIMARY KEY (`ID_cur_mat_doc`),
  ADD KEY `FK_doc` (`FK_doc`),
  ADD KEY `Fk_usu` (`Fk_usu`),
  ADD KEY `Fk_Sit` (`Fk_Sit`),
  ADD KEY `FK_est` (`FK_est`),
  ADD KEY `FK_CUR_mat` (`FK_CUR_mat`);

--
-- Indices de la tabla `departamento`
--
ALTER TABLE `departamento`
  ADD PRIMARY KEY (`ID_DEP`);

--
-- Indices de la tabla `docente`
--
ALTER TABLE `docente`
  ADD PRIMARY KEY (`ID_DOC`);

--
-- Indices de la tabla `especialidad`
--
ALTER TABLE `especialidad`
  ADD PRIMARY KEY (`id`);

--
-- Indices de la tabla `estado`
--
ALTER TABLE `estado`
  ADD PRIMARY KEY (`id`);

--
-- Indices de la tabla `estado_docente`
--
ALTER TABLE `estado_docente`
  ADD PRIMARY KEY (`ID_est`);

--
-- Indices de la tabla `horario`
--
ALTER TABLE `horario`
  ADD PRIMARY KEY (`ID_HOR`);

--
-- Indices de la tabla `horario_cargos`
--
ALTER TABLE `horario_cargos`
  ADD PRIMARY KEY (`ID_HOR_CAR`),
  ADD KEY `FK_CAR` (`FK_CAR`);

--
-- Indices de la tabla `horario_curso_materia`
--
ALTER TABLE `horario_curso_materia`
  ADD PRIMARY KEY (`ID_HOR_CUR_MAT`),
  ADD KEY `FK_CUR_mat` (`FK_CUR_mat`),
  ADD KEY `FK_HOR` (`FK_HOR`);

--
-- Indices de la tabla `materias`
--
ALTER TABLE `materias`
  ADD PRIMARY KEY (`id`),
  ADD KEY `FK_ESP` (`FK_ESP`),
  ADD KEY `FK_DEP` (`FK_DEP`),
  ADD KEY `FK_RES` (`FK_RES`),
  ADD KEY `FK_CICLO` (`FK_CICLO`),
  ADD KEY `FK_CAMP` (`FK_CAMP`);

--
-- Indices de la tabla `periodo`
--
ALTER TABLE `periodo`
  ADD PRIMARY KEY (`id`);

--
-- Indices de la tabla `planificaciones`
--
ALTER TABLE `planificaciones`
  ADD PRIMARY KEY (`ID_PLAN`),
  ADD KEY `FK_DOC` (`FK_DOC`),
  ADD KEY `FK_CIC_LEC` (`FK_CIC_LEC`),
  ADD KEY `FK_MAT` (`FK_MAT`);

--
-- Indices de la tabla `plan_cursomateria`
--
ALTER TABLE `plan_cursomateria`
  ADD PRIMARY KEY (`ID_PLAN_CURMAT`),
  ADD KEY `FK_CUR_mat` (`FK_CUR_mat`),
  ADD KEY `FK_PLAN` (`FK_PLAN`);

--
-- Indices de la tabla `resolucion`
--
ALTER TABLE `resolucion`
  ADD PRIMARY KEY (`ID_RES`);

--
-- Indices de la tabla `sit_rev`
--
ALTER TABLE `sit_rev`
  ADD PRIMARY KEY (`ID_sit`);

--
-- Indices de la tabla `tipocargo`
--
ALTER TABLE `tipocargo`
  ADD PRIMARY KEY (`ID_TC`);

--
-- Indices de la tabla `turno`
--
ALTER TABLE `turno`
  ADD PRIMARY KEY (`ID_TURNO`);

--
-- Indices de la tabla `usuario`
--
ALTER TABLE `usuario`
  ADD PRIMARY KEY (`id`);

--
-- AUTO_INCREMENT de las tablas volcadas
--

--
-- AUTO_INCREMENT de la tabla `alumnos`
--
ALTER TABLE `alumnos`
  MODIFY `id` int(11) NOT NULL AUTO_INCREMENT, AUTO_INCREMENT=2;
--
-- AUTO_INCREMENT de la tabla `alumno_curso_materia`
--
ALTER TABLE `alumno_curso_materia`
  MODIFY `id` int(11) NOT NULL AUTO_INCREMENT;
--
-- AUTO_INCREMENT de la tabla `campo_formacion`
--
ALTER TABLE `campo_formacion`
  MODIFY `ID_CAMP` int(2) NOT NULL AUTO_INCREMENT, AUTO_INCREMENT=5;
--
-- AUTO_INCREMENT de la tabla `cargos`
--
ALTER TABLE `cargos`
  MODIFY `ID_CAR` int(11) NOT NULL AUTO_INCREMENT;
--
-- AUTO_INCREMENT de la tabla `ciclo`
--
ALTER TABLE `ciclo`
  MODIFY `ID_CICLO` int(2) NOT NULL AUTO_INCREMENT, AUTO_INCREMENT=3;
--
-- AUTO_INCREMENT de la tabla `ciclo_lectivo`
--
ALTER TABLE `ciclo_lectivo`
  MODIFY `id` int(2) NOT NULL AUTO_INCREMENT;
--
-- AUTO_INCREMENT de la tabla `curso`
--
ALTER TABLE `curso`
  MODIFY `id` int(11) NOT NULL AUTO_INCREMENT, AUTO_INCREMENT=32;
--
-- AUTO_INCREMENT de la tabla `curso_materia`
--
ALTER TABLE `curso_materia`
  MODIFY `id` int(11) NOT NULL AUTO_INCREMENT, AUTO_INCREMENT=463;
--
-- AUTO_INCREMENT de la tabla `curso_materia_docente`
--
ALTER TABLE `curso_materia_docente`
  MODIFY `ID_cur_mat_doc` int(11) NOT NULL AUTO_INCREMENT, AUTO_INCREMENT=269;
--
-- AUTO_INCREMENT de la tabla `departamento`
--
ALTER TABLE `departamento`
  MODIFY `ID_DEP` int(2) NOT NULL AUTO_INCREMENT, AUTO_INCREMENT=7;
--
-- AUTO_INCREMENT de la tabla `docente`
--
ALTER TABLE `docente`
  MODIFY `ID_DOC` int(11) NOT NULL AUTO_INCREMENT, AUTO_INCREMENT=229;
--
-- AUTO_INCREMENT de la tabla `especialidad`
--
ALTER TABLE `especialidad`
  MODIFY `id` int(11) NOT NULL AUTO_INCREMENT, AUTO_INCREMENT=3;
--
-- AUTO_INCREMENT de la tabla `estado`
--
ALTER TABLE `estado`
  MODIFY `id` int(11) NOT NULL AUTO_INCREMENT, AUTO_INCREMENT=5;
--
-- AUTO_INCREMENT de la tabla `estado_docente`
--
ALTER TABLE `estado_docente`
  MODIFY `ID_est` int(11) NOT NULL AUTO_INCREMENT, AUTO_INCREMENT=5;
--
-- AUTO_INCREMENT de la tabla `horario`
--
ALTER TABLE `horario`
  MODIFY `ID_HOR` int(11) NOT NULL AUTO_INCREMENT, AUTO_INCREMENT=17;
--
-- AUTO_INCREMENT de la tabla `horario_cargos`
--
ALTER TABLE `horario_cargos`
  MODIFY `ID_HOR_CAR` int(11) NOT NULL AUTO_INCREMENT;
--
-- AUTO_INCREMENT de la tabla `horario_curso_materia`
--
ALTER TABLE `horario_curso_materia`
  MODIFY `ID_HOR_CUR_MAT` int(11) NOT NULL AUTO_INCREMENT;
--
-- AUTO_INCREMENT de la tabla `materias`
--
ALTER TABLE `materias`
  MODIFY `id` int(11) NOT NULL AUTO_INCREMENT, AUTO_INCREMENT=139;
--
-- AUTO_INCREMENT de la tabla `periodo`
--
ALTER TABLE `periodo`
  MODIFY `id` int(11) NOT NULL AUTO_INCREMENT, AUTO_INCREMENT=5;
--
-- AUTO_INCREMENT de la tabla `planificaciones`
--
ALTER TABLE `planificaciones`
  MODIFY `ID_PLAN` int(11) NOT NULL AUTO_INCREMENT;
--
-- AUTO_INCREMENT de la tabla `plan_cursomateria`
--
ALTER TABLE `plan_cursomateria`
  MODIFY `ID_PLAN_CURMAT` int(11) NOT NULL AUTO_INCREMENT;
--
-- AUTO_INCREMENT de la tabla `resolucion`
--
ALTER TABLE `resolucion`
  MODIFY `ID_RES` int(2) NOT NULL AUTO_INCREMENT, AUTO_INCREMENT=7;
--
-- AUTO_INCREMENT de la tabla `sit_rev`
--
ALTER TABLE `sit_rev`
  MODIFY `ID_sit` int(11) NOT NULL AUTO_INCREMENT, AUTO_INCREMENT=5;
--
-- AUTO_INCREMENT de la tabla `tipocargo`
--
ALTER TABLE `tipocargo`
  MODIFY `ID_TC` int(11) NOT NULL AUTO_INCREMENT;
--
-- AUTO_INCREMENT de la tabla `turno`
--
ALTER TABLE `turno`
  MODIFY `ID_TURNO` int(11) NOT NULL AUTO_INCREMENT, AUTO_INCREMENT=4;
--
-- AUTO_INCREMENT de la tabla `usuario`
--
ALTER TABLE `usuario`
  MODIFY `id` int(11) NOT NULL AUTO_INCREMENT, AUTO_INCREMENT=3;
--
-- Restricciones para tablas volcadas
--

--
-- Filtros para la tabla `cargos`
--
ALTER TABLE `cargos`
  ADD CONSTRAINT `cargos_ibfk_1` FOREIGN KEY (`FK_DOC`) REFERENCES `docente` (`ID_DOC`),
  ADD CONSTRAINT `cargos_ibfk_2` FOREIGN KEY (`FK_TC`) REFERENCES `tipocargo` (`ID_TC`);

--
-- Filtros para la tabla `curso`
--
ALTER TABLE `curso`
  ADD CONSTRAINT `curso_ibfk_1` FOREIGN KEY (`idEspecialidad`) REFERENCES `especialidad` (`id`);

--
-- Filtros para la tabla `curso_materia`
--
ALTER TABLE `curso_materia`
  ADD CONSTRAINT `curso_materia_ibfk_1` FOREIGN KEY (`idCurso`) REFERENCES `curso` (`id`),
  ADD CONSTRAINT `curso_materia_ibfk_2` FOREIGN KEY (`idMaterias`) REFERENCES `materias` (`id`);

--
-- Filtros para la tabla `curso_materia_docente`
--
ALTER TABLE `curso_materia_docente`
  ADD CONSTRAINT `curso_materia_docente_ibfk_1` FOREIGN KEY (`FK_doc`) REFERENCES `docente` (`ID_DOC`),
  ADD CONSTRAINT `curso_materia_docente_ibfk_2` FOREIGN KEY (`Fk_usu`) REFERENCES `usuario` (`id`),
  ADD CONSTRAINT `curso_materia_docente_ibfk_3` FOREIGN KEY (`Fk_Sit`) REFERENCES `sit_rev` (`ID_sit`),
  ADD CONSTRAINT `curso_materia_docente_ibfk_4` FOREIGN KEY (`FK_est`) REFERENCES `estado_docente` (`ID_est`),
  ADD CONSTRAINT `curso_materia_docente_ibfk_5` FOREIGN KEY (`FK_CUR_mat`) REFERENCES `curso_materia` (`id`);

--
-- Filtros para la tabla `horario_cargos`
--
ALTER TABLE `horario_cargos`
  ADD CONSTRAINT `horario_cargos_ibfk_1` FOREIGN KEY (`FK_CAR`) REFERENCES `cargos` (`ID_CAR`);

--
-- Filtros para la tabla `horario_curso_materia`
--
ALTER TABLE `horario_curso_materia`
  ADD CONSTRAINT `horario_curso_materia_ibfk_1` FOREIGN KEY (`FK_CUR_mat`) REFERENCES `curso_materia` (`id`),
  ADD CONSTRAINT `horario_curso_materia_ibfk_2` FOREIGN KEY (`FK_HOR`) REFERENCES `horario` (`ID_HOR`);

--
-- Filtros para la tabla `materias`
--
ALTER TABLE `materias`
  ADD CONSTRAINT `materias_ibfk_1` FOREIGN KEY (`FK_ESP`) REFERENCES `especialidad` (`id`),
  ADD CONSTRAINT `materias_ibfk_2` FOREIGN KEY (`FK_DEP`) REFERENCES `departamento` (`ID_DEP`),
  ADD CONSTRAINT `materias_ibfk_3` FOREIGN KEY (`FK_RES`) REFERENCES `resolucion` (`ID_RES`),
  ADD CONSTRAINT `materias_ibfk_4` FOREIGN KEY (`FK_CICLO`) REFERENCES `ciclo` (`ID_CICLO`),
  ADD CONSTRAINT `materias_ibfk_5` FOREIGN KEY (`FK_CAMP`) REFERENCES `campo_formacion` (`ID_CAMP`);

--
-- Filtros para la tabla `planificaciones`
--
ALTER TABLE `planificaciones`
  ADD CONSTRAINT `planificaciones_ibfk_1` FOREIGN KEY (`FK_DOC`) REFERENCES `docente` (`ID_DOC`),
  ADD CONSTRAINT `planificaciones_ibfk_2` FOREIGN KEY (`FK_CIC_LEC`) REFERENCES `ciclo_lectivo` (`id`),
  ADD CONSTRAINT `planificaciones_ibfk_3` FOREIGN KEY (`FK_MAT`) REFERENCES `materias` (`id`);

--
-- Filtros para la tabla `plan_cursomateria`
--
ALTER TABLE `plan_cursomateria`
  ADD CONSTRAINT `plan_cursomateria_ibfk_1` FOREIGN KEY (`FK_CUR_mat`) REFERENCES `curso_materia` (`id`),
  ADD CONSTRAINT `plan_cursomateria_ibfk_2` FOREIGN KEY (`FK_PLAN`) REFERENCES `planificaciones` (`ID_PLAN`);

/*!40101 SET CHARACTER_SET_CLIENT=@OLD_CHARACTER_SET_CLIENT */;
/*!40101 SET CHARACTER_SET_RESULTS=@OLD_CHARACTER_SET_RESULTS */;
/*!40101 SET COLLATION_CONNECTION=@OLD_COLLATION_CONNECTION */;
